40.7526,-74.0095
40.7646,-73.9815
40.7562229,-73.9958943
40.7593876,-73.9969538
40.7588148,-73.9987719
40.7577291,-73.996857
40.757389,-73.9953123
40.7573509,-73.9950492
40.7574616,-73.9947225
40.7571142,-73.9946559
40.7571374,-73.9949563
40.7576771,-73.9952594
40.7576654,-73.9948115
40.7578496,-73.9941497
40.7537821,-74.0070387
40.753627,-73.987107
40.754331,-73.9868871
40.755051,-73.9866613
40.7558122,-73.9864171
40.7565837,-73.9861581
40.7572675,-73.9858309
40.7579634,-73.9855335
40.7586959,-73.9853464
40.7594263,-73.9851384
40.7601316,-73.9848631
40.7608012,-73.9845109
40.7614503,-73.9840983
40.7620858,-73.9836782
40.7627381,-73.9832608
40.763382,-73.9829033
40.7535585,-73.9850397
40.754177,-73.984596
40.754842,-73.984118
40.755516,-73.983624
40.7561421,-73.9831665
40.7567712,-73.9827118
40.7551193,-74.0024719
40.7557816,-74.0019763
40.7564426,-74.0014797
40.7570547,-74.0010329
40.7576744,-74.0005846
40.7582961,-74.0001285
40.7595545,-73.9992994
40.7601736,-73.9988397
40.760855,-73.9983478
40.7614939,-73.9978087
40.7621145,-73.9973436
40.7627398,-73.99689
40.7633667,-73.9964368
40.7604633,-73.9837062
40.7616677,-73.9865661
40.7628617,-73.9894017
40.7584619,-73.9867284
40.7591595,-73.9883858
40.7603553,-73.9912267
40.7615516,-73.9940688
40.753517,-73.988787
40.754707,-73.991633
40.7559104,-73.9944724
40.7571027,-73.9973132
40.7539458,-73.9976109
40.7552202,-73.9966484
40.7583702,-73.9943941
40.7589791,-73.9939359
40.7534779,-73.9925251
40.754091,-73.992079
40.75533,-73.991177
40.7559486,-73.9907278
40.756567,-73.990276
40.7572335,-73.9897914
40.7585323,-73.9888429
40.7597869,-73.9879285
40.7604088,-73.9874753
40.7610365,-73.9870177
40.7622941,-73.9861011
40.7629156,-73.9856481
40.7635566,-73.9851938
40.7560361,-73.9869489
40.7584326,-73.9926458
40.7596264,-73.9954726
40.7620557,-74.0013069
40.7534078,-73.9963175
40.754591,-73.9991485
40.7569713,-74.0048008
40.7544608,-74.0066337
40.75413,-73.988335
40.7547554,-73.9878881
40.755373,-73.987447
40.75671,-73.986458
40.7573406,-73.9860128
40.7585867,-73.9850867
40.7592102,-73.9846299
40.759841,-73.984174
40.7610948,-73.9832504
40.7617189,-73.9828071
40.7623476,-73.9823472
40.7634901,-73.9889429
40.7622326,-73.9898591
40.7634284,-73.9927002
40.7578359,-73.9871891
40.7597283,-73.9916836
40.7609247,-73.9945259
40.7631549,-73.9997758
40.7564802,-73.997767
40.7540717,-73.9958425
40.7546861,-73.9953826
40.7565324,-73.9940178
40.7571536,-73.9935785
40.75784,-73.9930728
40.7591031,-73.992139
40.7609858,-73.9907674
40.7616057,-73.9903158
40.758346,-73.9964055
40.758846,-73.9975781
40.7539186,-73.9996344
40.7563023,-74.0052827
40.7607173,-74.0020745
40.7628026,-73.9931565
40.7558732,-73.998209
40.7600973,-74.002522
40.7613201,-74.0016372
40.7626351,-74.0005105
40.7603122,-73.994972
40.7552565,-73.9986588
40.7589842,-73.9959405
40.762185,-73.9936069
40.7630589,-73.9995827
40.7625427,-74.0002834
40.7636209,-73.9989628
40.7619695,-74.0010367
40.7545526,-74.0068523
40.754612,-74.0069652
40.7621049,-74.0014525
40.7592781,-74.0034156
40.7614566,-74.001837
40.7570689,-74.0050314
40.7591233,-74.0035272
40.7591776,-74.0036527
40.7585209,-74.0042843
40.7584252,-74.0042004
40.7583729,-74.0040724
40.7606809,-74.0028433
40.7594973,-74.0037019
40.7592538,-74.0033472
40.7592509,-74.0031457
40.7606555,-74.0024315
40.7607102,-74.0025637
40.7601965,-74.0027609
40.7602439,-74.0028779
40.7612999,-74.0019433
40.762726,-74.0008137
40.7622091,-74.0014689
40.7615867,-74.0020269
40.7614974,-74.0019734
40.7636111,-74.003516
40.7624752,-74.004253
40.7615872,-74.002207
40.762089,-74.0016312
40.7623854,-74.0014149
40.7623246,-74.0013772
40.7627407,-74.0009361
40.758053,-73.9943636
40.7627025,-74.0006778
40.7594216,-73.9992068
40.7586569,-73.9982959
40.7585296,-73.9979404
40.7583753,-73.9975574
40.7581447,-73.9969876
40.7582971,-73.9973383
40.7583575,-73.9974641
40.758565,-73.9976162
40.7585882,-73.9976098
40.7586118,-73.9976002
40.7586343,-73.9975858
40.7586579,-73.9975685
40.758679,-73.9975427
40.758695,-73.9975113
40.7587097,-73.9974685
40.7587188,-73.9974308
40.7581469,-73.9978539
40.7583819,-73.9984041
40.7551147,-73.9963969
40.7558843,-73.9963486
40.7554018,-73.9964973
40.7555259,-73.995498
40.7561157,-73.9949584
40.7562201,-73.995206
40.7564076,-73.99565
40.7565616,-73.996021
40.7534417,-73.9985006
40.753547,-73.9987459
40.7569721,-73.9950711
40.7578072,-73.9955572
40.7577909,-73.995694
40.7577784,-73.9958407
40.7577868,-73.9959952
40.757796,-73.9961046
40.7573831,-73.9949646
40.7574114,-73.9949089
40.7574292,-73.994867
40.757451,-73.9948001
40.757458,-73.9947621
40.7574622,-73.9946875
40.7574545,-73.9946476
40.7574424,-73.9946128
40.7574237,-73.9945759
40.7574057,-73.9945515
40.7572396,-73.9944845
40.7571388,-73.9945658
40.7571257,-73.9946076
40.7571045,-73.9947483
40.757106,-73.9947994
40.7575443,-73.9945232
40.7574598,-73.9944379
40.7574305,-73.9944192
40.7573899,-73.9944085
40.7573493,-73.9944112
40.7573185,-73.9944296
40.7572865,-73.9944518
40.7570808,-73.9946065
40.7570653,-73.9946259
40.7570563,-73.9946502
40.75705,-73.9946803
40.7570446,-73.9947141
40.7570421,-73.994753
40.7570405,-73.9948016
40.7570641,-73.9949849
40.75716,-73.9952208
40.7571731,-73.9952555
40.7572193,-73.9953272
40.7572392,-73.9953441
40.7572596,-73.9953579
40.7572878,-73.9953711
40.757324,-73.9953777
40.7574377,-73.9953301
40.7574712,-73.9952963
40.7575119,-73.995243
40.757621,-73.9951068
40.7576882,-73.9950178
40.7577235,-73.9949513
40.7572147,-73.9951091
40.7572946,-73.9952206
40.7573452,-73.995276
40.757437,-73.9953418
40.7575044,-73.9953467
40.7575687,-73.9953316
40.7576294,-73.9953018
40.7569003,-73.9947679
40.7569388,-73.9948001
40.7569673,-73.9948376
40.7570018,-73.994894
40.7578029,-73.9951024
40.757897,-73.9948142
40.7579066,-73.9946033
40.7579052,-73.9944724
40.7578932,-73.9943672
40.7578718,-73.9942591
40.7576762,-73.9937086
40.7575985,-73.9935303
40.7575414,-73.9934306
40.7570688,-73.9950004
40.7577856,-73.9948228
40.7578045,-73.9947208
40.7578138,-73.9946378
40.7578195,-73.9945516
40.7578183,-73.9944511
40.7578112,-73.9943717
40.757795,-73.9942778
40.7577726,-73.9941866
40.7577462,-73.9941034
40.7577055,-73.9939881
40.7575511,-73.9936099
40.7575064,-73.9935187
40.7574678,-73.9934678
40.7578441,-73.9954097
40.7579149,-73.9951173
40.7580174,-73.9946658
40.7580509,-73.9944548
40.7580428,-73.9945379
40.7580489,-73.9942858
40.7580327,-73.9942027
40.7580124,-73.9941168
40.7576975,-73.9933631
40.7577556,-73.9949342
40.7577373,-73.9949906
40.7577007,-73.9950818
40.7576642,-73.9951515
40.7576134,-73.9952588
40.7575849,-73.9953339
40.7575768,-73.9953822
40.7575707,-73.9954492
40.75757,-73.9955193
40.7575747,-73.9955699
40.7575807,-73.9956099
40.757591,-73.9956504
40.7576496,-73.9958361
40.7577217,-73.9960619
40.7577544,-73.9961295
40.7578265,-73.9962441
40.7574828,-73.9960568
40.7574135,-73.9958896
40.7573889,-73.9958133
40.7573773,-73.9957377
40.7573773,-73.995676
40.7573853,-73.9956128
40.7574001,-73.9955483
40.7574203,-73.9954948
40.757459,-73.9954304
40.7575506,-73.9952843
40.7576125,-73.9951854
40.7576656,-73.995083
40.7579608,-73.9942488
40.757981,-73.9943328
40.7579953,-73.994424
40.7580082,-73.9945331
40.7579317,-73.9941218
40.7576369,-73.9934165
40.7579187,-73.9947382
40.7579351,-73.9946373
40.7579484,-73.9945483
40.7579603,-73.9944321
40.7575809,-73.9962726
40.7576215,-73.9963182
40.7576591,-73.9963562
40.757697,-73.9963756
40.7577461,-73.9963909
40.7577925,-73.9963809
40.7578895,-73.9963085
40.7578036,-73.9966272
40.7579622,-73.9966861
40.757853,-73.9956037
40.7574413,-73.9949988
40.7575091,-73.994993
40.7579109,-73.9957445
40.7579325,-73.9958375
40.7579456,-73.9959364
40.7579374,-73.9960276
40.7579105,-73.9960889
40.7578816,-73.9961285
40.7578283,-73.9961697
40.7577683,-73.9961821
40.7577273,-73.9961799
40.7576789,-73.9961591
40.7576431,-73.9961331
40.7576122,-73.9960815
40.7575857,-73.9959943
40.7575767,-73.9959399
40.7575754,-73.9958492
40.7575858,-73.9957707
40.7576082,-73.995705
40.7576484,-73.9955702
40.7576712,-73.9954731
40.7576915,-73.9954177
40.7578009,-73.9963932
40.7577848,-73.9964124
40.7577565,-73.9965001
40.7577747,-73.9965857
40.7577887,-73.9966119
40.7582224,-73.9961184
40.7578735,-73.9966723
40.7573846,-73.9932168
40.7574639,-73.9931589
40.7575515,-73.993095
40.7546987,-74.0071521
40.7568217,-74.0039341
40.7589139,-73.9996835
40.7607534,-74.0026841
40.7572015,-74.0046346
40.7605555,-74.0021916
40.761334,-74.00176
40.7614674,-74.0015306
40.7614414,-74.0017469
40.7536149,-74.0035577
40.7577576,-73.9989024
40.7576107,-73.9985511
40.7578017,-74.0009667
40.7574514,-74.0007462
40.7566398,-74.0000293
40.7561587,-74.0007967
40.7555937,-74.0036084
40.756032,-74.002567
40.7556553,-74.0016768
40.7583938,-74.0003507
40.7572416,-74.0013604
40.7564892,-74.0019029
40.7562845,-74.0019778
40.7561585,-74.0020698
40.7561235,-74.0022498
40.7561503,-74.0023373
40.7587259,-73.9973105
40.7589479,-73.9977989
40.7594646,-73.9971334
40.7593452,-73.9968491
40.7631593,-73.9939806
40.7637752,-73.9935339
40.761801,-73.994646
40.7619192,-73.9949256
40.7624224,-73.9941692
40.7625317,-73.9944293
40.7630652,-73.993755
40.7611509,-73.995063
40.7613068,-73.9954288
40.7600169,-73.9963501
40.7598483,-73.9959792
40.7586026,-73.9981326
40.7584216,-73.9976739
40.7576127,-73.9927303
40.7547804,-73.9968435
40.7582779,-73.9942886
40.7578541,-73.9932703
40.7571609,-73.9955068
40.7577507,-73.9947419
40.7581529,-73.9961541
40.7581011,-73.9961636
40.7580616,-73.9961639
40.7579943,-73.9961107
40.7574376,-73.9950244
40.7575067,-73.9950432
40.7575758,-73.9950808
40.7576398,-73.9951271
40.7576858,-73.9952022
40.7575494,-73.9962207
40.7577729,-73.9963265
40.7577009,-73.9962986
40.7576315,-73.9962414
40.7575672,-73.9961331
40.7575353,-73.9960184
40.7575284,-73.995926
40.7575322,-73.9958169
40.7575466,-73.9957234
40.7575951,-73.9955901
40.7575819,-73.9950325
40.7576551,-73.9950832
40.7577158,-73.995165
40.7579531,-73.9957226
40.7579984,-73.9958572
40.7580085,-73.9959927
40.7579659,-73.9961939
40.7579244,-73.9962693
40.754121,-73.9824074
40.7546391,-73.9836337
40.7546303,-73.997161
40.7574438,-73.9948279
40.7577774,-73.9929792
40.757498,-73.9944702
40.756797,-73.9946518
40.7594093,-73.9831606
40.7600415,-73.9827044
40.7549599,-73.9840313
40.755469,-73.9856025
40.7561388,-73.9851023
40.7553883,-73.9911346
40.7603603,-73.9854112
40.760989,-73.9849545
40.759331,-74.0035397
40.7594486,-74.003552
40.7603152,-74.0029352
40.760725,-74.0028045
40.7595071,-74.003535
40.7607428,-74.0026464
40.7607413,-74.0027839
40.7595224,-74.0036874
40.7607572,-74.0027236
40.759397,-74.0036863
40.7606733,-74.0026513
40.7607045,-74.0028239
40.7594745,-74.0037104
40.7607528,-74.0027575
40.7606963,-74.0026074
40.7594485,-74.0037129
40.7594775,-74.003546
40.7593759,-74.0036476
40.7606432,-74.0026902
40.7592412,-74.003305
40.7592389,-74.0032153
40.759237,-74.0032577
40.7583143,-73.9825027
40.7576896,-73.9829647
40.7609113,-73.9850108
40.7604303,-73.9853608
40.7572946,-73.9944823
40.7571866,-73.9952827
40.7570501,-73.9949268
40.757043,-73.9948674
40.7573518,-73.9945023
40.7573107,-73.9953769
40.7573449,-73.9953767
40.7572437,-73.9951521
40.7571089,-73.9947009
40.7572011,-73.9953062
40.7571571,-73.9950088
40.7571242,-73.9949007
40.7574057,-73.9953554
40.7573655,-73.9953729
40.7573246,-73.9944877
40.7573877,-73.9953656
40.7571138,-73.9948489
40.7571828,-73.9950606
40.7573835,-73.9945269
40.758514,-73.9976098
40.7585405,-73.997616
40.7583807,-73.9975092
40.7584247,-73.9975624
40.7584711,-73.9975948
40.7584497,-73.9975819
40.7584922,-73.997603
40.7612636,-74.0000125
40.7612523,-74.0000879
40.761255,-73.9999886
40.7611794,-74.0001129
40.7611625,-73.9999722
40.7612661,-74.0000388
40.7612374,-74.0001057
40.761181,-73.9999579
40.7611478,-74.0000758
40.7611612,-74.0000979
40.7611409,-74.0000489
40.7612622,-74.0000648
40.7614593,-73.999786
40.7612411,-73.9999694
40.7611486,-73.999994
40.7611412,-74.0000206
40.7612233,-73.999957
40.7587239,-73.9973726
40.7552466,-73.994822
40.7603212,-73.9911398
40.762197,-73.9897753
40.7634558,-73.9888615
40.7615675,-73.9902312
40.762821,-73.9893049
40.7609501,-73.9906714
40.7583894,-73.9925338
40.7590667,-73.9920533
40.7571061,-73.993466
40.7596938,-73.9916016
40.7584588,-74.0042798
40.7592575,-73.9847392
40.7587349,-73.9854366
40.7601612,-73.9849383
40.7605383,-73.9836507
40.7613927,-73.9839593
40.7593539,-73.9849729
40.7607395,-73.9843619
40.7586392,-73.9852109
40.7597332,-73.9879676
40.7585378,-73.9849709
40.7615144,-73.9840566
40.760865,-73.9844765
40.761388,-73.9841402
40.759847,-73.9878847
40.7603934,-73.9837581
40.7594571,-73.9852168
40.7614854,-73.9841796
40.7591551,-73.9845002
40.7592281,-73.9874367
40.7594188,-73.9873077
40.7594448,-73.9879818
40.7595011,-73.9872519
40.7596857,-73.9873443
40.7621657,-73.9877488
40.7623099,-73.9880913
40.7627923,-73.987285
40.7629366,-73.9876276
40.7540155,-73.9957182
40.7601816,-74.0030377
40.7615619,-74.0020219
40.7621701,-74.0014764
40.7627274,-74.0014192
40.7628017,-74.0015963
40.7541482,-73.9980975
40.7542708,-73.9983932
40.754733,-73.9974021
40.7548795,-73.9977657
40.7610508,-73.9831437
40.7611565,-73.9833963
40.7624212,-73.9883556
40.7551641,-74.0005185
40.7558116,-73.9999743
40.7563873,-73.999422
40.7565953,-73.9999215
40.7627995,-73.989446
40.7629258,-73.9893541
40.7634339,-73.9889839
40.7635505,-73.988899
40.7635631,-73.9891162
40.7590867,-73.9862667
40.7602511,-73.9890231
40.7602621,-73.9890492
40.7624931,-74.0011495
40.7542044,-73.9826046
40.7569153,-74.0046674
40.7570819,-74.0045558
40.760669,-74.0019677
40.7619256,-74.000905
40.7624958,-74.0001653
40.763016,-73.9994837
40.7560872,-73.9830367
40.7561981,-73.9832995
40.7574479,-73.9823908
40.7557244,-73.9864453
40.7557546,-73.9862796
40.7558493,-73.9865072
40.7561346,-73.9868771
40.7566417,-73.9865093
40.7567573,-73.9865714
40.7567873,-73.9864036
40.7572793,-73.9860561
40.7572947,-73.9859036
40.7573942,-73.9861401
40.7574162,-73.9859543
40.7579089,-73.9854044
40.7580237,-73.9856867
40.761948,-73.9852787
40.7625697,-73.9848269
40.7610338,-73.9832943
40.7611521,-73.9832097
40.7616655,-73.982845
40.7617942,-73.9827521
40.7620227,-73.9837187
40.7620198,-73.9835215
40.76212,-73.9837593
40.7621497,-73.9836379
40.7622897,-73.98239
40.7624134,-73.9825139
40.7624061,-73.982305
40.7626651,-73.9833031
40.7626431,-73.9830625
40.7627764,-73.9833392
40.7627987,-73.9832226
40.7537066,-73.9961084
40.7542465,-73.9957123
40.7554715,-73.9947995
40.7554289,-73.997148
40.7587188,-73.9952654
40.7603716,-73.9971934
40.7592748,-73.9985897
40.7568684,-73.9900569
40.7611718,-73.9906333
40.7615274,-73.9866612
40.7612779,-73.9836865
40.7633301,-73.9827672
40.7620367,-73.9835615
40.76142,-73.9840231
40.7607675,-73.9844297
40.7600919,-73.9847701
40.7546485,-74.0070338
40.7584536,-74.0042672
40.7592064,-74.0037226
40.7552917,-73.9949335
40.7618162,-74.0006389
40.7616936,-74.0003479
40.7544756,-73.9853048
40.7551402,-73.9848214
40.7565163,-73.9859959
40.7566673,-73.9863565
40.7586201,-73.9851646
40.7562561,-74.0051696
40.7635513,-73.9988034
40.756988,-73.9931852
40.7553806,-73.9970352
40.7559876,-73.9965926
40.7580852,-73.9945961
40.7546357,-73.9970025
40.7579879,-73.9946551
40.7578412,-73.9946976
40.7583742,-74.0005543
40.7582408,-74.00017
40.75942,-74.0037074
40.761219,-74.0001163
40.761199,-74.0001188
40.7612021,-73.9999526
40.7566909,-74.0041278
40.7566947,-74.0047148
40.7563533,-74.0049698
40.7561676,-74.004529
40.7563918,-74.0043589
40.7565406,-74.0043468
40.7565467,-74.0042316
40.7566092,-74.0045152
40.7562678,-74.0047703
40.758036,-73.9854814
40.7535481,-73.9869237
40.754971,-73.9864754
40.7550396,-73.986637
40.7536153,-73.9870811
40.7561371,-73.9871886
40.7562616,-73.9874841
40.75565,-73.9860324
40.7611786,-73.9834491
40.7605261,-73.9838553
40.7603951,-73.983544
40.7607932,-73.9834673
40.760608,-73.9840497
40.7621794,-73.9858285
40.7636086,-73.9892245
40.7627773,-73.9892013
40.761851,-73.9870015
40.7612848,-74.0014994
40.7627019,-74.0013578
40.7635784,-73.9988645
40.7544106,-74.0065192
40.7538388,-74.0072533
40.7550203,-74.0022385
40.7615279,-74.0020112
40.7558347,-73.9885408
40.7557938,-73.9884441
40.7600306,-74.0033155
40.7605369,-74.0029448
40.756043,-74.0005227
40.7558786,-74.0018983
40.755728,-74.0018499
40.7546467,-73.9992796
40.7546919,-73.9990778
40.7552523,-74.0004422
40.7539801,-73.9995896
40.7550631,-74.0023378
40.7551814,-74.0024256
40.7545025,-73.9992127
40.7556999,-74.00204
40.7539751,-73.999768
40.7535692,-73.9946606
40.7539207,-73.9946554
40.7539359,-73.9946473
40.7537916,-73.9951877
40.7536507,-73.9948537
40.7539936,-73.9946412
40.7539715,-73.9946433
40.7539542,-73.9946433
40.7537144,-73.9948046
40.7540022,-73.9956854
40.7540162,-73.9946339
40.7540363,-73.9946211
40.7542803,-73.9944393
40.7637743,-73.9982196
40.7637577,-73.9980573
40.7637619,-73.9978446
40.7637774,-73.9977764
40.7636772,-73.9986068
40.7634593,-73.9980546
40.7635615,-73.9979782
40.7636307,-73.9979987
40.763284,-73.9981753
40.7630563,-73.9976461
40.7636868,-73.997192
40.7615155,-73.9823132
40.7583669,-73.9852442
40.75503,-73.987692
40.762822,-73.9959247
40.763084,-73.9957408
40.7611423,-73.9950427
40.7553038,-73.9980845
40.755412,-73.9983313
40.755664,-73.9981355
40.7555619,-73.9978941
40.7554235,-73.9979962
40.760058,-73.9971357
40.7602043,-73.9975005
40.7604316,-73.9973326
40.7583753,-73.998903
40.7582443,-73.9989965
40.7579418,-73.9993286
40.7587862,-73.9993766
40.7595368,-73.9995832
40.759201,-73.9998308
40.7592804,-74.0000185
40.7596162,-73.999771
40.7595742,-73.9996716
40.759677,-73.9995946
40.7557592,-73.9979353
40.7560736,-73.9977092
40.7548366,-73.998965
40.7561021,-74.0006628
40.7542879,-73.9993652
40.7543423,-73.9961097
40.7548375,-73.9957363
40.7547723,-73.9957853
40.7545257,-73.995977
40.7544561,-73.9960293
40.7542713,-73.9956938
40.7543733,-73.9959092
40.7544256,-73.9959562
40.7544098,-73.9958905
40.7543171,-73.9956597
40.7536532,-73.9959844
40.7534818,-73.9956108
40.763709,-73.9875318
40.7632913,-73.9873986
40.7635737,-73.9872104
40.7631926,-73.9874424
40.7630389,-73.987246
40.7631348,-73.9874831
40.7630694,-73.9873213
40.7628676,-73.9874635
40.7594297,-73.9863552
40.7591928,-73.9865189
40.7606599,-73.9891803
40.7604877,-73.9890683
40.7605639,-73.989252
40.7603957,-73.9893643
40.7590884,-73.9892714
40.7587986,-73.9894755
40.7556902,-73.992002
40.7588785,-73.9857762
40.7582527,-73.9862271
40.758324,-73.9861757
40.7588019,-73.9858314
40.7606095,-74.0027224
40.7607404,-73.9984331
40.7609477,-73.9982829
40.7609039,-73.9984528
40.7613343,-73.9998776
40.7608495,-74.0002304
40.7607805,-74.0002785
40.7566551,-73.9884184
40.7555993,-73.9984087
40.7554639,-73.9985075
40.7561892,-73.9979787
40.759508,-73.9881318
40.7579117,-73.9892961
40.7583309,-73.9941696
40.758945,-73.9958
40.758403,-73.9945228
40.7590267,-73.9960916
40.7579283,-73.9931851
40.7583483,-73.9942394
40.7582562,-73.9939503
40.7534591,-73.9964409
40.7551953,-74.0005887
40.7551283,-74.000436
40.7561187,-74.0021807
40.7568499,-74.0040871
40.7568423,-74.0041857
40.7561298,-74.002123
40.7578624,-73.9912834
40.7559347,-73.9966311
40.7561321,-73.9978457
40.7558192,-73.9978926
40.7554391,-73.9969919
40.7552774,-73.9965937
40.7585934,-73.998909
40.7584761,-73.9989876
40.7571224,-73.9915754
40.7566313,-73.9904289
40.762355,-73.9979063
40.7625266,-73.9977778
40.7626271,-73.997753
40.7629461,-73.998452
40.7588725,-73.9894234
40.763793,-73.9874703
40.7593493,-73.9830173
40.7604965,-73.9857348
40.7567704,-73.9886922
40.7635983,-73.985291
40.7598331,-73.9880374
40.760455,-73.9875851
40.7592052,-73.988494
40.7610831,-73.9871281
40.761711,-73.9866691
40.7623397,-73.9862096
40.7585776,-73.9889505
40.7629609,-73.9857557
40.7541431,-73.9922022
40.7547558,-73.991748
40.7535237,-73.9926344
40.7545284,-73.985424
40.7551948,-73.9849521
40.7604795,-73.9993446
40.760976,-73.9989825
40.7610896,-73.9988999
40.7604093,-73.9993926
40.7539296,-74.0033298
40.7534622,-74.0022226
40.7544279,-74.0008476
40.753484,-74.0022902
40.7535687,-74.0018451
40.7535182,-74.001903
40.7575979,-73.990666
40.7582739,-73.9901667
40.758586,-74.0036294
40.7589649,-74.0034771
40.759058,-74.0034585
40.7590844,-74.0034733
40.7566793,-73.9863852
40.7585564,-73.9850149
40.7579358,-73.9854681
40.7573057,-73.9859299
40.7587594,-73.9854944
40.7580455,-73.985732
40.7578971,-73.9853765
40.7578912,-73.9855891
40.754901,-73.9842573
40.7560877,-73.9870713
40.7559418,-73.9870197
40.7559802,-73.9868167
40.7536449,-73.9871522
40.7543507,-73.986933
40.7550694,-73.9867047
40.7560046,-73.9868745
40.757858,-73.9891695
40.7591474,-73.9846759
40.7586671,-73.9850278
40.7597315,-73.9877973
40.7585214,-73.9851335
40.7591062,-73.9882592
40.7588261,-73.985814
40.755573,-73.9837592
40.757231,-73.9857439
40.7559818,-74.0003776
40.7563452,-73.9995178
40.755078,-74.0005971
40.7560717,-74.0004034
40.7565379,-73.9999745
40.7545198,-74.0010674
40.7545833,-74.0010134
40.754766,-74.0016444
40.7546137,-74.0017852
40.7542549,-74.0021273
40.7543588,-74.0030211
40.7546799,-74.0014429
40.7534689,-74.0020141
40.7539629,-74.0033049
40.754516,-74.0029044
40.7542379,-74.0022824
40.7534542,-74.0067924
40.7534632,-74.0068798
40.7600757,-73.9985937
40.7634982,-73.987252
40.7577645,-73.9965542
40.7577606,-73.996469
40.7579042,-73.9966833
40.7579076,-73.9962912
40.7577585,-73.9965293
40.7578337,-73.9966532
40.757772,-73.9964371
40.7566478,-73.9962307
40.7565982,-73.9962593
40.7564116,-73.9963951
40.7538164,-73.9952465
40.75391,-73.9951805
40.7540954,-73.9950433
40.7539057,-73.9951835
40.754307,-73.9984789
40.7541849,-73.9985634
40.7537473,-73.9988655
40.7586789,-73.9971988
40.7584783,-73.9973263
40.758294,-73.9968858
40.7584857,-73.9967386
40.7610425,-73.9966853
40.7626854,-74.0012395
40.7626026,-74.0012616
40.7625514,-74.0012603
40.7626509,-74.0012864
40.7626874,-74.0013229
40.762689,-74.0011543
40.7627049,-74.0010502
40.7545877,-73.9970595
40.7583508,-74.0038049
40.7574592,-73.9903332
40.7577045,-73.9901749
40.7577961,-73.9901086
40.7637784,-73.987481
40.753759,-74.0049746
40.7535583,-74.005129
40.7535521,-74.0051632
40.7539142,-74.0059982
40.7539527,-74.0060211
40.7541336,-74.0058686
40.7540649,-74.0059419
40.7536775,-74.0050349
40.7539376,-74.0060215
40.7539247,-74.0060143
40.7614297,-73.9978539
40.7591714,-74.0037933
40.7550598,-73.9943779
40.7552962,-73.9941932
40.7547345,-73.9954955
40.7608472,-73.9990764
40.7605662,-73.9992814
40.7604817,-73.9993429
40.7609527,-73.9989999
40.7615801,-74.0021676
40.7576615,-73.9951558
40.7576894,-73.9951224
40.7572146,-73.9935336
40.757726,-73.9931508
40.7570941,-73.993622
40.7560157,-73.990876
40.7572079,-73.9937024
40.7579228,-73.9930171
40.7582732,-73.9944612
40.7577556,-73.9929444
40.7584572,-73.9943273
40.7593434,-73.9966419
40.7592764,-73.9966839
40.7588979,-73.9953526
40.7587875,-73.9954258
40.7592484,-73.9864805
40.7596276,-73.9873834
40.760234,-73.9870605
40.7603108,-73.9870076
40.7595723,-73.9874205
40.758248,-73.9842856
40.758174,-73.9843363
40.758196,-73.9843212
40.7558537,-74.0021493
40.7558691,-73.9999232
40.7559662,-74.004487
40.756064,-74.0044007
40.7560698,-74.0043007
40.755422,-74.0026763
40.7560269,-74.0044429
40.7550624,-74.0025121
40.755181,-74.0026157
40.7548994,-74.0063094
40.7536181,-74.0046399
40.7548487,-74.0061901
40.7542237,-74.0021958
40.7542366,-74.0021515
40.7542271,-74.0021738
40.7542282,-74.0022495
40.7542251,-74.0022206
40.7544623,-74.0027744
40.7538679,-74.0031828
40.7534891,-74.0019557
40.7534559,-74.0020915
40.7534547,-74.0021571
40.7544656,-74.0011155
40.7547213,-74.0016858
40.7538604,-73.9994953
40.7538743,-73.9996667
40.7544997,-74.0010195
40.7545504,-74.0010431
40.7545468,-74.0011318
40.7535788,-74.0025107
40.7537687,-74.0029491
40.753696,-74.0050203
40.754081,-74.0059307
40.7565977,-74.0041941
40.756723,-74.0042054
40.7570059,-74.0042626
40.7569682,-74.0042885
40.7568802,-74.0045856
40.7569341,-74.004394
40.7567858,-74.0043621
40.7568904,-74.0042955
40.7565065,-74.0014335
40.7563885,-74.0013582
40.7563747,-74.0015307
40.7576237,-74.0004663
40.7577415,-74.0005354
40.757618,-74.0006257
40.7577453,-74.0007437
40.757775,-74.0009871
40.7570009,-74.0009072
40.7571235,-74.0009837
40.7569984,-74.0010726
40.7551998,-73.9985245
40.7553151,-73.998616
40.7551987,-73.998701
40.7553132,-73.9987931
40.7558183,-73.9980745
40.7559332,-73.9981653
40.7558197,-73.998248
40.755929,-73.9983397
40.7555423,-73.9982749
40.7564267,-73.9976394
40.7565625,-73.997707
40.7564295,-73.9978039
40.7565565,-73.9979001
40.7582422,-74.0000076
40.758361,-74.0000836
40.7583716,-74.0002897
40.7596307,-73.9996292
40.7596268,-73.9992436
40.759595,-73.9993988
40.7542147,-73.9985431
40.7540409,-73.9975386
40.7539964,-73.9977324
40.754533,-73.9990119
40.7545289,-73.9969207
40.7546915,-73.9971218
40.7545644,-73.9971989
40.754661,-73.9972324
40.755087,-73.9963294
40.7550667,-73.9964704
40.7551561,-73.9967064
40.7553025,-73.9968503
40.7552365,-73.9947981
40.7553618,-73.9948813
40.7552386,-73.9949731
40.7553472,-73.9950672
40.7569206,-73.9947849
40.7564831,-73.9938932
40.7565905,-73.9939769
40.7564733,-73.994061
40.7565892,-73.9941539
40.7558548,-73.9943412
40.7559717,-73.9944276
40.7558555,-73.9945134
40.7559688,-73.9946108
40.7570427,-73.9971759
40.7571718,-73.9972627
40.7570491,-73.9973522
40.7571529,-73.9974691
40.7576828,-73.9967121
40.7576673,-73.9969012
40.7577814,-73.9969984
40.7578115,-73.996796
40.7584312,-73.9967817
40.7586241,-73.997236
40.7582888,-73.9962725
40.758406,-73.9963618
40.7582806,-73.9964533
40.7584032,-73.996543
40.7577248,-73.9947631
40.7570991,-73.9934495
40.7546212,-73.9952343
40.7547589,-73.9953304
40.7546221,-73.9954324
40.758526,-73.9989545
40.7588641,-73.9995601
40.7588485,-73.9997299
40.7588875,-73.9975282
40.7594849,-73.9991024
40.7594688,-73.9993653
40.7627383,-74.0009811
40.7624484,-74.0013682
40.7625014,-74.0013106
40.7569755,-73.9835588
40.7570948,-73.9834777
40.7575793,-73.9827028
40.7574848,-73.9827717
40.757531,-73.982738
40.7570353,-73.9835181
40.7574671,-73.99822
40.7574007,-73.9982716
40.7568264,-73.9828424
40.7547792,-73.9839681
40.7549445,-73.9840426
40.7547596,-73.9841773
40.7591606,-73.9939913
40.759041,-73.9940802
40.7590999,-73.9938474
40.7581885,-73.9862703
40.7581681,-73.9862843
40.7565117,-73.9840416
40.756453,-73.9840827
40.7564413,-73.984091
40.7562539,-73.9853748
40.7563109,-73.9853328
40.7563246,-73.985323
40.7584993,-73.990703
40.7622028,-73.9975481
40.7569809,-73.9989153
40.7615449,-73.9901774
40.7616648,-73.9904561
40.7616694,-73.9902694
40.761559,-73.9903498
40.7627521,-73.9931933
40.7540434,-73.9948808
40.7543669,-73.9946458
40.7540977,-73.9950162
40.7538811,-73.9952009
40.7534948,-73.9962562
40.7542239,-73.9944813
40.7551262,-73.9943261
40.7534216,-73.992391
40.7543106,-73.9946867
40.7541192,-73.9959545
40.754157,-73.9920313
40.7541354,-73.9957951
40.7535359,-73.9926634
40.7534167,-73.9925697
40.754149,-73.9922163
40.7540109,-73.9958869
40.7540356,-73.9921193
40.7535374,-73.9924817
40.7536379,-73.9959478
40.7540358,-73.9919481
40.7565981,-74.0034022
40.7570158,-74.0049061
40.7575242,-73.9883815
40.7575941,-73.9883345
40.7575828,-73.9883419
40.7610575,-73.9851171
40.7611849,-73.9854196
40.7612553,-73.9853675
40.7619657,-73.9853207
40.7618863,-73.9853788
40.7626806,-74.0006189
40.7583549,-73.992452
40.7551705,-73.9848938
40.755219,-73.9850094
40.7545541,-73.9854846
40.7551239,-73.9847829
40.754515,-73.9853938
40.7544636,-73.9852764
40.7634627,-73.9828574
40.7633167,-73.982735
40.763327,-73.9829335
40.7634128,-73.9829765
40.7593362,-73.9832115
40.7573838,-73.9960216
40.7556805,-73.9962926
40.7620349,-73.9974043
40.7598812,-73.9915684
40.7608078,-73.9982426
40.7601279,-73.9987232
40.7595007,-73.9991474
40.7608989,-73.9981755
40.7606929,-73.998326
40.7595799,-73.9991339
40.7607729,-73.998171
40.7548814,-73.9952392
40.7637727,-73.9982043
40.7623147,-73.9823715
40.7626983,-73.9832839
40.7635153,-73.9852231
40.761104,-73.9981552
40.7615532,-73.9979153
40.7621712,-73.9974742
40.7627926,-73.9970145
40.7634159,-73.996557
40.7620609,-73.9972159
40.7615805,-73.9979783
40.7614202,-73.9976744
40.7611657,-73.9970422
40.7605319,-73.9954722
40.7603797,-73.9951407
40.7609473,-73.9981392
40.7609945,-73.9982444
40.7612491,-73.9980383
40.7612053,-73.9979616
40.7605986,-73.9977549
40.7602391,-73.9989925
40.7590806,-73.9996392
40.7593883,-73.9992778
40.7590266,-73.9995356
40.7587142,-73.9984703
40.7594653,-73.9991739
40.7588009,-73.9974764
40.7587624,-73.9975409
40.7587196,-73.9976158
40.758685,-73.9976796
40.758657,-73.9977341
40.758626,-73.9978049
40.7585958,-73.9978831
40.7585771,-73.997964
40.758571,-73.9980443
40.7588433,-73.9974173
40.7630925,-73.9996605
40.763122,-73.999717
40.762081,-74.0014003
40.7627149,-74.00074
40.7627218,-74.0010263
40.7622814,-74.0014203
40.7622379,-74.0014537
40.7621422,-74.0014737
40.7622266,-74.0015279
40.7613319,-74.0017198
40.7613043,-74.0015626
40.7614446,-74.0016506
40.7614385,-74.0016987
40.7613311,-74.001812
40.7613209,-74.0018626
40.7614788,-74.0019273
40.7599061,-74.0032263
40.7596601,-74.0034229
40.7594095,-74.0035533
40.7593714,-74.0035471
40.75903,-74.0034571
40.7589946,-74.0034649
40.759105,-74.0034974
40.7583469,-74.0040063
40.758337,-74.003963
40.758336,-74.0039163
40.7568456,-74.0040525
40.7569107,-74.00429
40.753748,-74.0069119
40.7535908,-74.0065242
40.7589913,-73.9996605
40.7589702,-73.9996111
40.757077,-73.9923584
40.7570883,-73.9920999
40.7573663,-73.993032
40.7569766,-73.9918263
40.7569989,-73.9916439
40.7565987,-73.9906917
40.7570822,-73.990343
40.7574195,-73.9911423
40.7569827,-73.9914615
40.756619,-73.9906112
40.7564178,-73.9907561
40.7566404,-73.9906616
40.7571765,-73.9896562
40.7573299,-73.989721
40.7571441,-73.9898564
40.7572951,-73.9899394
40.7559979,-73.9868585
40.7559481,-73.987015
40.7558542,-73.9865187
40.7572084,-73.9856903
40.7610612,-73.9882109
40.7614274,-73.9879463
40.7611956,-73.9881138
40.7611633,-73.9880352
40.7613548,-73.9879988
40.7581544,-73.9939919
40.7581732,-73.9945329
40.7582031,-73.9942814
40.7594583,-73.9880138
40.7594516,-73.9872855
40.7583137,-73.9861831
40.7560097,-73.9981096
40.7559468,-73.9979691
40.7558952,-73.9980047
40.7558407,-73.9978771
40.756128,-73.9978361
40.7558891,-73.9978422
40.7560015,-73.997929
40.7559427,-73.9978035
40.7560544,-73.9978902
40.7559963,-73.9977649
40.7560958,-73.9978597
40.7560399,-73.9977335
40.756115,-73.9980328
40.7558914,-73.9979948
40.7558519,-73.997903
40.755901,-73.997868
40.7559422,-73.9979586
40.7559552,-73.9978295
40.7559967,-73.9979198
40.7560087,-73.9977914
40.7560503,-73.9978816
40.7560518,-73.9977607
40.7560921,-73.9978519
40.7588274,-73.9923474
40.754489,-73.9843718
40.7536909,-73.9849447
40.7568499,-74.0041492
40.7568516,-74.0041194
40.7569387,-74.0042867
40.7571654,-74.004632
40.7571369,-74.0046231
40.757111,-74.0046041
40.7570934,-74.0045804
40.7569546,-74.0043207
40.7567224,-74.0036979
40.7569189,-74.0041692
40.7575976,-74.0010263
40.756453,-74.0019177
40.7563189,-74.0019596
40.7576549,-74.0011535
40.7572813,-74.0014555
40.7576871,-74.0011188
40.7576465,-74.0010078
40.7574496,-74.0011297
40.7574042,-74.0013562
40.7572975,-74.0013168
40.7573383,-74.0012739
40.7574145,-74.0011655
40.7561445,-74.0044787
40.7561222,-74.0044431
40.7560891,-74.0044269
40.7560507,-74.0044254
40.7560699,-74.0043652
40.7560417,-74.0041694
40.7565314,-74.004306
40.7565306,-74.0042679
40.7565361,-74.0042472
40.756945,-74.0043537
40.756562,-74.0018517
40.7566053,-74.0019553
40.7562057,-74.0022434
40.7561818,-74.002269
40.7561676,-74.0023143
40.7561674,-74.0023779
40.7584035,-74.0003882
40.7583961,-74.0005169
40.7584085,-74.0004687
40.7584084,-74.0004267
40.7577821,-74.0008271
40.757802,-74.0009169
40.7577958,-74.0008699
40.757768,-74.0007951
40.7579424,-74.0008654
40.7583875,-74.0005356
40.7594072,-73.999254
40.7595544,-73.999147
40.759527,-73.9991509
40.7594178,-73.9992326
40.7588189,-73.9974501
40.7591402,-73.9994546
40.7590749,-73.9992882
40.7590658,-73.9992423
40.7590662,-73.9991535
40.759105,-73.9990862
40.7593214,-73.9989285
40.7590828,-73.9991152
40.7590641,-73.9991953
40.7592688,-73.9989668
40.7591105,-73.9993788
40.7591028,-73.9993623
40.7592517,-73.9989801
40.7592859,-73.9989543
40.7591193,-73.9994014
40.7563667,-73.9994889
40.7563797,-73.999459
40.7563799,-73.9994045
40.7565742,-73.9992529
40.7566781,-73.9991401
40.7569199,-73.9989614
40.7564362,-73.9993606
40.7601108,-74.0006324
40.7582051,-73.9991298
40.7584953,-73.9989748
40.7584568,-73.9989829
40.7584127,-73.998909
40.7583924,-73.9988994
40.7580144,-73.9992738
40.7580317,-73.9992607
40.7581688,-73.9991572
40.7571762,-73.9993866
40.7571237,-73.9994349
40.7566507,-73.9998705
40.7560548,-74.0004275
40.7560447,-74.0004696
40.7558424,-74.0000473
40.7574282,-73.9982502
40.7602882,-74.0029231
40.7602602,-74.0029045
40.7565755,-74.0042104
40.7560431,-74.004431
40.7550395,-74.0062074
40.7545685,-74.0050864
40.7545371,-74.0050242
40.7544995,-74.0049757
40.7544605,-74.004929
40.7544295,-74.0048798
40.7544008,-74.0048195
40.7540005,-74.0038525
40.7539588,-74.0037833
40.7539153,-74.0037217
40.7538907,-74.0036791
40.7538642,-74.0036176
40.7539811,-74.0038168
40.7549894,-74.0060882
40.7544962,-74.0053456
40.7539362,-74.0044176
40.7539865,-74.0044172
40.7540468,-74.0044836
40.7543684,-74.0052347
40.7540211,-74.0044454
40.7544733,-74.0053151
40.7543884,-74.0052606
40.7536702,-74.0046036
40.7548045,-74.0063796
40.754718,-74.0061791
40.7546799,-74.0061051
40.7546391,-74.0060527
40.7546047,-74.0060226
40.7545708,-74.0060114
40.7545417,-74.0060184
40.7545163,-74.0060324
40.7542758,-74.0062034
40.7543322,-74.0061633
40.7547528,-74.0062599
40.7547466,-74.0062453
40.7543486,-74.0061517
40.7560576,-74.0042275
40.759198,-74.0037737
40.7592105,-74.0037352
40.7592104,-74.0037497
40.759207,-74.0037638
40.7585041,-74.0042927
40.758468,-74.0042889
40.758481,-74.0042945
40.7584935,-74.0042949
40.7583405,-74.0038629
40.7584045,-74.0043692
40.758456,-74.0043334
40.7584698,-74.0043169
40.7583938,-74.0043757
40.7583849,-74.0043909
40.7583804,-74.0044132
40.7583738,-74.0044796
40.7583658,-74.0045001
40.7583537,-74.0045166
40.7582279,-74.0046117
40.7586334,-74.0041994
40.7590472,-74.0038871
40.7637447,-73.9887575
40.7624063,-73.9897325
40.7573173,-73.9934566
40.757721,-73.9894354
40.7602588,-73.9875846
40.7631725,-73.985466
40.7627689,-73.985755
40.7560582,-73.9978992
40.7559505,-73.9979773
40.7543635,-73.9957753
40.7543237,-73.9958044
40.75373,-73.9997719
40.7572432,-73.9931928
40.7571447,-73.9931165
40.7570784,-73.993029
40.756707,-73.9921339
40.7565817,-73.9922192
40.7577014,-73.9947821
40.7574877,-73.9944615
40.7575146,-73.9944508
40.7575241,-73.9944739
40.7596359,-73.9994965
40.7598387,-73.9999814
40.760045,-73.9943459
40.7536401,-73.992912
40.7573175,-73.9932657
40.7583729,-73.9924946
40.7585378,-73.9925663
40.7583461,-73.9927088
40.7584904,-73.9927821
40.7573222,-73.9912134
40.7572856,-73.9928511
40.7567123,-73.9909619
40.7572151,-73.9926841
40.7565083,-73.9901369
40.7566259,-73.9902332
40.756507,-73.9903198
40.755889,-73.9905859
40.756019,-73.9906757
40.7558955,-73.9907664
40.7575624,-73.9902666
40.7576997,-73.9905908
40.7570487,-73.9931412
40.7566468,-73.9921754
40.7564073,-73.9937123
40.7564255,-73.985781
40.7614202,-73.986739
40.7549099,-73.9921117
40.7548618,-74.0018683
40.7576657,-73.9848288
40.7602164,-73.9908914
40.7602667,-73.9832392
40.7618811,-73.9831922
40.7598472,-73.9880706
40.7566051,-73.9823131
40.7553161,-73.9949943
40.7538045,-73.9875412
40.7539471,-73.9878889
40.7544427,-74.0011342
40.7546868,-74.0017177
40.7534245,-73.9984592
40.7543237,-73.9973333
40.7545322,-73.9971216
40.7548303,-73.9967824
40.7547202,-73.9969109
40.7553202,-73.9965562
40.7536418,-73.9968801
40.7555666,-74.001467
40.755387,-74.0010421
40.7629742,-73.9857872
40.7637731,-73.9874849
40.762925,-73.9874231
40.7635135,-73.9872436
40.7636126,-73.9853249
40.759220899999995,-73.99714526666666
40.7590542,-73.99733673333334
40.7588875,-73.9975282
40.7583753,-73.9975574
40.7585296,-73.9979404
40.7566051,-73.9823131
40.75498864166667,-73.99229749166666
40.75506738333333,-73.99248328333333
40.755146125,-73.992669075
40.755224866666666,-73.99285486666666
40.755303608333335,-73.99304065833333
40.755382350000005,-73.99322645
40.75546109166667,-73.99341224166666
40.75553983333334,-73.99359803333333
40.755618575,-73.993783825
40.75569731666667,-73.99396961666666
40.75577605833333,-73.99415540833333
40.7558548,-73.9943412
40.761169175,-73.98733265000001
40.761255250000005,-73.9875372
40.761341325000004,-73.98774175
40.7614274,-73.9879463
40.76151291111111,-73.98814952222223
40.76159842222222,-73.98835274444446
40.76168393333334,-73.98855596666667
40.76176944444445,-73.98875918888889
40.761854955555556,-73.98896241111112
40.761940466666665,-73.98916563333334
40.76202597777778,-73.98936885555555
40.76211148888889,-73.98957207777778
40.762197,-73.9897753
40.76231232,-73.99004850666667
40.762392039999995,-73.99023791333333
40.76247176,-73.99042732000001
40.76255148,-73.99061672666667
40.7626312,-73.99080613333334
40.762710919999996,-73.99099554
40.76279064,-73.99118494666666
40.76287036,-73.99137435333334
40.76295008,-73.99156376
40.7630298,-73.99175316666667
40.76310952,-73.99194257333333
40.76318924,-73.99213198
40.763268960000005,-73.99232138666667
40.76334868,-73.99251079333334
40.7634284,-73.9927002
40.7635151,-73.992908625
40.7636018,-73.99311705
40.7636885,-73.993325475
40.7637752,-73.9935339
40.762355,-73.9979063
40.762437625,-73.998103475
40.76252025,-73.99830065
40.762602875,-73.998497825
40.7626855,-73.998695
40.762768125,-73.998892175
40.76285075,-73.99908934999999
40.762933375,-73.999286525
40.763016,-73.9994837
40.75937985,-73.99884605
40.7594849,-73.9991024
40.75975785,-73.999788
40.7598387,-73.9999814
40.759929400000004,-74.0001984
40.7600201,-74.0004154
40.7601108,-74.0006324
40.760190542857146,-74.00082315714286
40.760270285714284,-74.0010139142857
40.76035002857143,-74.00120467142857
40.76042977142857,-74.00139542857143
40.760509514285715,-74.00158618571429
40.760589257142854,-74.00177694285713
40.760669,-74.0019677
40.75823446666667,-73.98231376666666
40.7583143,-73.9825027
40.75839838,-73.98270245
40.75848246,-73.9829022
40.758566540000004,-73.98310194999999
40.758650620000004,-73.9833017
40.758734700000005,-73.98350145
40.75881878,-73.9837012
40.75890286,-73.98390094999999
40.75898694,-73.9841007
40.75907102,-73.98430045
40.7591551,-73.9845002
40.755511475,-73.997344825
40.75559405,-73.99754164999999
40.755676625,-73.99773847499999
40.7557592,-73.9979353
40.75601918,-73.99855266
40.75610936,-73.99876562
40.75619954,-73.99897858
40.75628972,-73.99919154
40.7563799,-73.9994045
40.7564913,-73.99967175
40.7565953,-73.9999215
40.756730075,-74.00024877499999
40.75682035,-74.00046825
40.756910625,-74.000687725
40.7570009,-74.0009072
40.755033825,-73.982481675
40.7551141875,-73.9826720625
40.75519455,-73.98286245
40.7552749125,-73.98305283750001
40.755355275,-73.98324322500001
40.7554356375,-73.98343361250001
40.755516,-73.983624
40.754272533333335,-73.9848228
40.754368066666665,-73.9850496
40.7544636,-73.9852764
40.75463748,-73.98568276
40.75472086,-73.98588092
40.75480424,-73.98607908000001
40.75488762,-73.98627724
40.754971,-73.9864754
40.7620557,-74.0013069
40.759670875,-74.0035469375
40.75981935,-74.003406475
40.759967825000004,-74.0032660125
40.7601163,-74.00312555
40.760264774999996,-74.0029850875
40.76041325,-74.002844625
40.760561725,-74.0027041625
40.7607102,-74.0025637
40.76057428,-74.00271406
40.76043836,-74.00286442
40.76030244,-74.00301478
40.76016652,-74.00316514
40.7600306,-74.0033155
40.76020865,-74.003148225
40.7603867,-74.00298095
40.76056475,-74.002813675
40.7607428,-74.0026464
40.7605369,-74.0029448
40.7607528,-74.0027575
40.761667927272725,-74.002393
40.76174865454546,-74.002579
40.76182938181818,-74.002765
40.761910109090906,-74.002951
40.76199083636364,-74.003137
40.76207156363636,-74.00332300000001
40.76215229090909,-74.00350900000001
40.76223301818182,-74.00369500000001
40.76231374545454,-74.003881
40.76239447272727,-74.004067
40.7624752,-74.004253
40.762575975000004,-74.001143625
40.76241365,-74.00130615
40.762251325,-74.00146867500001
40.762089,-74.0016312
40.762247200000004,-74.00147997500001
40.762405400000006,-74.00132875
40.7625636,-74.001177525
40.7627218,-74.0010263
40.762556733333334,-74.0011935
40.762391666666666,-74.0013607
40.7622266,-74.0015279
40.762386033333335,-74.00136866666666
40.762545466666666,-74.00120943333333
40.7627049,-74.0010502
40.76254515,-74.00123255
40.7623854,-74.0014149
40.7625514,-74.0012603
40.75527546666667,-73.98658929999999
40.75549993333333,-73.9865173
40.7557244,-73.9864453
40.7585235,-73.9999657
40.758686,-73.9998478
40.7588485,-73.9997299
40.755615500000005,-73.99571065
40.7557051,-73.9959233
40.755794699999996,-73.99613595
40.7558843,-73.9963486
40.7566478,-73.9962307
40.75672678,-73.99641974
40.75680576,-73.99660878
40.756884740000004,-73.99679782
40.75696372,-73.99698686
40.7570427,-73.9971759
40.75723145,-73.997656825
40.757310000000004,-73.99784455
40.75738855,-73.998032275
40.7574671,-73.99822
40.7576107,-73.9985511
40.7564846,-73.9958355
40.7565616,-73.996021
40.75631385,-73.995428
40.7564076,-73.99565
40.7562201,-73.995206
40.75374313333333,-73.9971237
40.75384446666666,-73.9973673
40.7539458,-73.9976109
40.7570665,-73.99528895
40.7571609,-73.9955068
40.75346051428572,-73.9867186
40.7535481,-73.9869237
40.7568613,-73.9905023
40.7570822,-73.990343
40.7569589,-73.9905493
40.756835599999995,-73.9907556
40.7567123,-73.9909619
40.7568475,-73.99121170000001
40.7569827,-73.9914615
40.75715245,-73.99133745
40.7573222,-73.9912134
40.7572793,-73.9913095
40.757139099999996,-73.9914767
40.7569989,-73.9916439
40.7570883,-73.9920999
40.757077,-73.9923584
40.7572151,-73.9926841
40.7578029,-73.9951024
40.7576294,-73.9953018
40.75716,-73.9952208
40.7575061,-73.99519775
40.7576882,-73.9950178
40.75751655,-73.99519724999999
40.7573449,-73.9953767
40.757621,-73.9951068
40.7573655,-73.9953729
40.7574678,-73.9934678
40.7576283,-73.993799
40.7577055,-73.9939881
40.7576369,-73.9934165
40.75773516666667,-73.99365159999999
40.75783343333333,-73.9938867
40.7579317,-73.9941218
40.7577949,-73.99535086666667
40.757874,-73.99553673333332
40.7579531,-73.9957226
40.760362533333335,-73.99870416666667
40.76055146666667,-73.99856863333333
40.7607404,-73.9984331
40.759029625000004,-73.99799660000001
40.75911135,-73.9981943
40.759193075,-73.998392
40.7592748,-73.9985897
40.7545526,-74.0068523
40.758010275000004,-73.9933764
40.758092250000004,-73.9935677
40.758174225,-73.993759
40.7582562,-73.9939503
40.7583309,-73.9941696
40.75727235,-73.9957642
40.7573838,-73.9960216
40.7562845,-74.0019778
40.7561187,-74.0021807
40.75628585,-74.0020492
40.756453,-74.0019177
40.75628825,-74.00208375
40.7561235,-74.0022498
40.75630635,-74.00207635000001
40.7564892,-74.0019029
40.75642476666667,-74.00201356666666
40.756287533333335,-74.00217543333333
40.7561503,-74.0023373
40.75625354,-74.00258276
40.75633968,-74.00278761999999
40.75642582,-74.00299248
40.75651196,-74.00319734
40.7565981,-74.0034022
40.7567224,-74.0036979
40.7568217,-74.0039341
40.7569189,-74.0041692
40.75342656666667,-74.0041849
40.75352233333333,-74.0044124
40.7536181,-74.0046399
40.753759,-74.0049746
40.75385265,-74.0051981
40.7539463,-74.0054216
40.754039950000006,-74.0056451
40.7541336,-74.0058686
40.7542758,-74.0062034
40.7544106,-74.0065192
40.76200126,-73.99512204
40.76208332,-73.99531848
40.76216538,-73.99551492
40.76224744,-73.99571136
40.7623295,-73.9959078
40.76241156,-73.99610424
40.76249362,-73.99630067999999
40.76257568,-73.99649712
40.76265774,-73.99669356
40.7627398,-73.99689
40.7628805,-73.99722503333334
40.7629684,-73.99743556666667
40.7630563,-73.9976461
40.76317015,-73.9979107
40.763284,-73.9981753
40.7633731,-73.99838466666667
40.7634622,-73.99859403333333
40.7635513,-73.9988034
40.760608,-73.9840497
40.7607395,-73.9843619
40.7608951,-73.9847327
40.760989,-73.9849545
40.7611849,-73.9854196
40.76126536666667,-73.98561068333333
40.76134583333334,-73.98580176666667
40.7614263,-73.98599285
40.76150676666666,-73.98618393333334
40.76158723333333,-73.98637501666667
40.7616677,-73.9865661
40.761851,-73.9870015
40.761929675,-73.987188325
40.76200835,-73.98737515
40.762087025,-73.987561975
40.7621657,-73.9877488
40.7623099,-73.9880913
40.7624212,-73.9883556
40.762510225,-73.98856702500001
40.76259925,-73.98877845000001
40.762688275,-73.988989875
40.7627773,-73.9892013
40.762941420000004,-73.98959102
40.76302114,-73.98978034
40.76310086,-73.98996966
40.763180580000004,-73.99015898
40.7632603,-73.99034830000001
40.76334002,-73.99053762
40.76341974,-73.99072694
40.76349946,-73.99091626
40.76357918,-73.99110558000001
40.7636589,-73.9912949
40.76373862,-73.99148422
40.753442,-74.0036819
40.7536149,-74.0035577
40.7559876,-73.9965926
40.756075419999995,-73.99680196
40.75616324,-73.99701132
40.75625106,-73.99722068
40.75633888,-73.99743004
40.7564267,-73.9976394
40.756641380000005,-73.99810314
40.75672626,-73.99830618
40.75681114,-73.99850921999999
40.75689602,-73.99871225999999
40.7569809,-73.9989153
40.75707855,-73.99915095
40.7571762,-73.9993866
40.757265700000005,-73.99960254
40.757355200000006,-73.99981848
40.7574447,-74.00003441999999
40.7575342,-74.00025036
40.7576237,-74.0004663
40.7577576,-73.9989024
40.757849699999994,-73.9991155
40.7579418,-73.9993286
40.75804193333333,-73.99955493333333
40.758142066666665,-73.99978126666667
40.7582422,-74.0000076
40.75667046666667,-74.0013132
40.75683443333333,-74.0011929
40.7569984,-74.0010726
40.75728745,-74.00086495
40.7574514,-74.0007462
40.7534216,-73.992391
40.7562353,-74.00098386666666
40.7563119,-74.00117103333334
40.7563885,-74.0013582
40.755686825,-74.00382805000001
40.755779950000004,-74.0040477
40.755873075000004,-74.00426734999999
40.7559662,-74.004487
40.75606283333334,-74.00471453333333
40.756159466666666,-74.00494206666667
40.7562561,-74.0051696
40.7561143625,-74.0027621
40.756196724999995,-74.0029572
40.7562790875,-74.0031523
40.75636145,-74.0033474
40.7564438125,-74.00354250000001
40.756526175000005,-74.00373760000001
40.7566085375,-74.00393270000001
40.7566909,-74.0041278
40.7568802,-74.0045856
40.7556553,-74.0016768
40.7582644,-73.998129
40.7583819,-73.9984041
40.7584857,-73.9967386
40.7585823,-73.9969687
40.7586789,-73.9971988
40.7595519,-73.9973420142857
40.7596392,-73.99755062857143
40.7597265,-73.99775924285714
40.7598138,-73.99796785714285
40.7599011,-73.99817647142856
40.759988400000005,-73.99838508571429
40.7600757,-73.9985937
40.758487650000006,-73.99865654999999
40.7585934,-73.998909
40.7586898,-73.9991428
40.7587862,-73.9993766
40.76324261,-73.99418069000001
40.76332592,-73.99438078
40.76340923,-73.99458087
40.76349254,-73.99478096
40.763575849999995,-73.99498105
40.763659159999996,-73.99518114
40.76374247,-73.99538122999999
40.7619192,-73.9949256
40.76106574666667,-73.9909567
40.76114569333333,-73.991146
40.76122564,-73.9913353
40.761305586666666,-73.99152459999999
40.76138553333333,-73.9917139
40.76146548,-73.9919032
40.761545426666665,-73.9920925
40.76162537333334,-73.9922818
40.761705320000004,-73.9924711
40.76178526666667,-73.9926604
40.76186521333334,-73.99284970000001
40.76194516,-73.993039
40.76202510666667,-73.9932283
40.762105053333336,-73.9934176
40.762185,-73.9936069
40.76226413333333,-73.99379433333334
40.76234326666667,-73.99398176666666
40.7624224,-73.9941692
40.7625317,-73.9944293
40.7631593,-73.9939806
40.75980806,-73.99187308666667
40.759887819999996,-73.99206257333333
40.75996758,-73.99225206
40.76004734,-73.99244154666667
40.7601271,-73.99263103333334
40.76020686,-73.99282052
40.760286619999995,-73.99301000666667
40.76036638,-73.99319949333334
40.76044614,-73.99338898
40.7605259,-73.99357846666666
40.760605659999996,-73.99376795333333
40.760685419999994,-73.99395744
40.76076518,-73.99414692666667
40.76084494,-73.99433641333333
40.7609247,-73.9945259
40.76139058888889,-73.99562736666667
40.76147437777778,-73.99582593333334
40.76155816666667,-73.9960245
40.761641955555554,-73.99622306666667
40.76172574444445,-73.99642163333333
40.761809533333334,-73.9966202
40.76189332222222,-73.99681876666666
40.761977111111115,-73.99701733333333
40.7620609,-73.9972159
40.7588148,-73.9987719
40.7579542,-73.99351083333333
40.758054300000005,-73.99375136666667
40.7581544,-73.9939919
40.7558613,-73.99615983333334
40.756042099999995,-73.99602706666667
40.7562229,-73.9958943
40.75790605,-73.996429975
40.7579856,-73.99661585
40.75806515,-73.996801725
40.7581447,-73.9969876
40.7582971,-73.9973383
40.7577217,-73.9960619
40.7576712,-73.9954731
40.757853,-73.9956037
40.75771485,-73.9957718
40.7575767,-73.9959399
40.7577483,-73.9958694
40.7579109,-73.9957445
40.75776155,-73.995913
40.7576122,-73.9960815
40.757772349999996,-73.9959595
40.7579325,-73.9958375
40.7577878,-73.9959853
40.7576431,-73.9961331
40.7579456,-73.9959364
40.7577273,-73.9961799
40.7579374,-73.9960276
40.7576915,-73.9954177
40.75484636666667,-73.99698333333333
40.75500123333333,-73.99684486666666
40.7551561,-73.9967064
40.7578029,-73.9951024
40.75691586666667,-73.98305416666666
40.75700533333333,-73.98326593333333
40.7570948,-73.9834777
40.75717635714285,-73.98367071428571
40.75725791428571,-73.98386372857142
40.757339471428566,-73.98405674285713
40.75742102857143,-73.98424975714286
40.757502585714285,-73.98444277142858
40.75758414285714,-73.98463578571429
40.7576657,-73.9848288
40.7577814,-73.98510265
40.7578971,-73.9853765
40.7581491,-73.98597955
40.7582527,-73.9862271
40.7583573,-73.98647775
40.7584619,-73.9867284
40.7585424375,-73.98691975
40.758622975,-73.9871111
40.7587035125,-73.98730245
40.75878405,-73.98749380000001
40.7588645875,-73.98768515
40.758945125,-73.9878765
40.7590256625,-73.98806785000001
40.7591062,-73.9882592
40.75928298461538,-73.98867841538461
40.75936076923077,-73.98886283076924
40.75943855384615,-73.98904724615385
40.75951633846154,-73.98923166153847
40.75959412307692,-73.98941607692308
40.75967190769231,-73.98960049230769
40.759749692307686,-73.98978490769231
40.75982747692307,-73.98996932307692
40.75990526153846,-73.99015373846153
40.75998304615384,-73.99033815384615
40.76006083076923,-73.99052256923076
40.76013861538461,-73.99070698461539
40.7602164,-73.9908914
40.7632179,-73.9825
40.7633167,-73.982735
40.75973735,-73.9957259
40.7598483,-73.9959792
40.7599326,-73.99616465
40.7600169,-73.9963501
40.760105575,-73.996560925
40.76019425,-73.99677175
40.760282925,-73.996982575
40.7603716,-73.9971934
40.755354233333335,-74.00229706666666
40.755527066666666,-74.00216853333333
40.7556999,-74.00204
40.755557366666665,-73.99101186666667
40.755726433333336,-73.99088913333333
40.7558955,-73.9907664
40.75752545,-73.98957820000001
40.757721,-73.9894354
40.755145266666666,-73.98389553333334
40.75533063333334,-73.98375976666667
40.755516,-73.983624
40.7557247,-73.98347150000001
40.755933399999996,-73.983319
40.7561421,-73.9831665
40.7543237,-73.9973333
40.7548303,-73.9967824
40.7605127,-74.00274945
40.7607102,-74.0025637
40.7606708,-73.9851858
40.7609113,-73.9850108
40.7555626,-73.98730456666667
40.7557522,-73.98716213333334
40.7559418,-73.9870197
40.75942046666667,-73.98447793333334
40.75963073333333,-73.98432596666666
40.759841,-73.984174
40.755012449999995,-73.9845201
40.7551239,-73.9847829
40.75530233333333,-73.9852071
40.75538566666666,-73.9854048
40.755469,-73.9856025
40.755559500000004,-73.98581745
40.75565,-73.9860324
40.7557546,-73.9862796
40.7590724,-73.982356025
40.7591647,-73.98257645000001
40.759257,-73.982796875
40.7593493,-73.9830173
40.759495640000004,-73.98336328
40.75958198,-73.98356596
40.75966832,-73.98376864
40.75975466,-73.98397132
40.759841,-73.984174
40.759924633333334,-73.9843727
40.76000826666667,-73.98457140000001
40.7600919,-73.9847701
40.7559802,-73.9868167
40.758571849999996,-73.9929744
40.7586533,-73.9931667
40.75873475,-73.993359
40.7588162,-73.9935513
40.758897649999994,-73.9937436
40.7589791,-73.9939359
40.7618162,-74.0006389
40.7619256,-74.000905
40.7626351,-74.0005105
40.7584922,-73.997603
40.7587239,-73.9973726
40.758514,-73.9976098
40.7587188,-73.9974308
40.7585405,-73.997616
40.7587097,-73.9974685
40.758565,-73.9976162
40.7613927,-73.9839593
40.76157792,-73.98439942
40.761670439999996,-73.98461924
40.76176296,-73.98483906
40.761855479999994,-73.98505888
40.761948,-73.9852787
40.76207255,-73.9855746
40.7621794,-73.9858285
40.7622941,-73.9861011
40.76243022,-73.98642468
40.76252074,-73.98663976
40.76261126,-73.98685483999999
40.76270178,-73.98706992
40.7627923,-73.987285
40.763023133333334,-73.98783325
40.76310966666667,-73.98803889999999
40.7631962,-73.98824454999999
40.763282733333334,-73.9884502
40.76336926666667,-73.98865585
40.7634558,-73.9888615
40.763691341666664,-73.9894211
40.76377408333333,-73.98961770000001
40.75526354,-74.00281424
40.75534608,-74.00301278
40.755428619999996,-74.00321132
40.75551116,-74.00340986
40.7555937,-74.0036084
40.758002250000004,-73.98951375
40.7580928,-73.98973140000001
40.758183349999996,-73.98994905
40.7582739,-73.9901667
40.758386599999994,-73.99043485
40.7584993,-73.990703
40.758580357142854,-73.9908959
40.75866141428571,-73.9910888
40.75874247142857,-73.9912817
40.758823528571426,-73.99147459999999
40.75890458571428,-73.99166749999999
40.75898564285714,-73.9918604
40.7590667,-73.9920533
40.75918872727272,-73.99233962727273
40.759274354545454,-73.99254025454545
40.75935998181818,-73.99274088181818
40.7594456090909,-73.99294150909091
40.759531236363635,-73.99314213636363
40.75961686363636,-73.99334276363636
40.75970249090909,-73.99354339090908
40.75978811818182,-73.99374401818181
40.75987374545454,-73.99394464545455
40.75995937272727,-73.99414527272727
40.760045,-73.9943459
40.7539296,-74.0033298
40.75416085,-74.003163
40.7543588,-74.0030211
40.754698133333335,-74.00277363333333
40.75488026666667,-74.00264286666668
40.7550624,-74.0025121
40.75811856666667,-73.98914503333333
40.75832543333333,-73.98899396666667
40.7585323,-73.9888429
40.75874136666667,-73.98869053333333
40.75895043333333,-73.98853816666667
40.7591595,-73.9883858
40.759333749999996,-73.98825880000001
40.759508,-73.9881318
40.7597332,-73.9879676
40.760052900000005,-73.98773465
40.7602588,-73.9875846
40.7534167,-73.9925697
40.753703466666664,-73.9923609
40.75386953333334,-73.9922401
40.7540356,-73.9921193
40.75434033333333,-73.99189853333333
40.75452366666667,-73.99176576666666
40.754707,-73.991633
40.75491466666667,-73.991481
40.75512233333333,-73.991329
40.75533,-73.991177
40.7588274,-73.9923474
40.75545716,-73.98764642
40.75554132,-73.98784584
40.75562548,-73.98804525999999
40.75570964,-73.98824468
40.7557938,-73.9884441
40.7559189,-73.9887403125
40.7560031,-73.98893982499999
40.756087300000004,-73.98913933749999
40.7561715,-73.98933885
40.7562557,-73.9895383625
40.7563399,-73.989737875
40.756424100000004,-73.98993738749999
40.7565083,-73.9901369
40.7552015,-73.9875695
40.755373,-73.987447
40.7568684,-73.9900569
40.76364063333333,-73.9827559
40.7566931,-73.99440285
40.756797,-73.9946518
40.756884549999995,-73.99486145
40.7569721,-73.9950711
40.75345915,-73.98480090000001
40.7535585,-73.9850397
40.7605319,-73.9954722
40.760616999999996,-73.99567438333332
40.760702099999996,-73.99587656666667
40.760787199999996,-73.99607875
40.7608723,-73.99628093333332
40.7609574,-73.99648311666667
40.7610425,-73.9966853
40.755653828571425,-73.98395107142856
40.75573465714286,-73.98414294285713
40.75581548571429,-73.9843348142857
40.755896314285714,-73.98452668571429
40.75597714285714,-73.98471855714286
40.756057971428575,-73.98491042857142
40.7561388,-73.9851023
40.7562539,-73.9853748
40.7563397,-73.98557790000001
40.7564255,-73.985781
40.7562765,-73.983485025
40.7563549,-73.98367055
40.7564333,-73.983856075
40.7565117,-73.9840416
40.756598787499996,-73.9842476875
40.756685875,-73.98445377499999
40.7567729625,-73.9846598625
40.75686005,-73.98486595
40.7569471375,-73.9850720375
40.757034225,-73.98527812500001
40.757121312500004,-73.9854842125
40.7572084,-73.9856903
40.75748254,-73.9863499
40.75757088,-73.9865597
40.75765922,-73.9867695
40.757747560000006,-73.9869793
40.7578359,-73.9871891
40.75792295,-73.987395825
40.75801,-73.98760254999999
40.75809705,-73.98780927499999
40.7581841,-73.98801599999999
40.75827115,-73.988222725
40.7583582,-73.98842945
40.75844525,-73.988636175
40.7585323,-73.9888429
40.7586881,-73.989213
40.7587986,-73.9894755
40.75887998181818,-73.98966878181818
40.75896136363636,-73.98986206363637
40.75904274545454,-73.99005534545454
40.75912412727273,-73.99024862727272
40.75920550909091,-73.9904419090909
40.75928689090909,-73.99063519090909
40.75936827272727,-73.99082847272727
40.759449654545456,-73.99102175454546
40.75953103636364,-73.99121503636363
40.75961241818182,-73.99140831818181
40.7596938,-73.9916016
40.76026075,-73.98517475
40.7603603,-73.9854112
40.7604965,-73.9857348
40.7605865,-73.98594861666666
40.7606765,-73.98616243333333
40.7607665,-73.98637625
40.7608565,-73.98659006666666
40.7609465,-73.98680388333332
40.7610365,-73.9870177
40.762209940000005,-73.98397282
40.76229988,-73.98418634000001
40.76238982,-73.98439986
40.76247976,-73.98461338
40.7625697,-73.9848269
40.762656175000004,-73.9850322
40.76274265,-73.98523750000001
40.762829124999996,-73.9854428
40.7629156,-73.9856481
40.76175413333333,-74.001895
40.76192156666667,-74.0017631
40.762089,-74.0016312
40.7594188,-73.9873077
40.75948233333333,-73.9874952
40.75946356666667,-73.9877385
40.7594448,-73.9879818
40.76288264,-74.00178827
40.76296358,-74.00198024000001
40.763044519999994,-74.00217221
40.76312546,-74.00236418
40.7632064,-74.00255615
40.76328734,-74.00274812
40.763368279999995,-74.00294009000001
40.76344922,-74.00313206
40.76353016,-74.00332403
40.7636111,-74.003516
40.753547,-73.9987459
40.7542708,-73.9983932
40.75472696666667,-73.99947233333333
40.75480723333334,-73.99966506666667
40.7548875,-73.9998578
40.75496776666667,-74.00005053333332
40.75504803333334,-74.00024326666666
40.7551283,-74.000436
40.75529115,-74.0008154
40.755387,-74.0010421
40.7548795,-73.9977657
40.754959575,-73.9979554
40.75503965,-73.9981451
40.755119725,-73.99833480000001
40.7551998,-73.9985245
40.75539626666667,-73.99898996666667
40.755479333333334,-73.99918683333334
40.7555624,-73.99938370000001
40.75564546666667,-73.99958056666667
40.75572853333333,-73.99977743333334
40.7558116,-73.9999743
40.75886625,-73.9956129
40.758945,-73.9958
40.75863116666667,-73.99419683333333
40.75880513333333,-73.99406636666666
40.7589791,-73.9939359
40.7576654,-73.9948115
40.75680836666667,-73.9997253
40.756966033333335,-73.9995801
40.7571237,-73.9994349
40.7535585,-73.9850397
40.7569513,-73.98628776666666
40.7571153,-73.98617193333334
40.7572793,-73.9860561
40.7576896,-73.9829647
40.75776937142857,-73.98315339999999
40.75784914285714,-73.9833421
40.75792891428571,-73.9835308
40.75800868571429,-73.9837195
40.75808845714286,-73.9839082
40.75816822857143,-73.98409690000001
40.758248,-73.9842856
40.7583446,-73.98451403333334
40.7584412,-73.98474246666666
40.7585378,-73.9849709
40.75506,-73.99510615
40.7552386,-73.9949731
40.7546221,-73.9954324
40.7540109,-73.9958869
40.7537066,-73.9961084
40.7553025,-73.9968503
40.7553806,-73.9970352
40.7592747,-73.99950225
40.7594688,-73.9993653
40.75980906666667,-73.99910896666667
40.75999133333333,-73.99897433333334
40.7601736,-73.9988397
40.759109933333335,-73.99628903333333
40.75919316666666,-73.99648646666667
40.7592764,-73.9966839
40.758481950000004,-73.99470844999999
40.7585609,-73.9948941
40.758639849999994,-73.99507975
40.7587188,-73.9952654
40.759124628571435,-73.99427911428572
40.75920825714286,-73.99447802857142
40.75929188571429,-73.99467694285714
40.759375514285715,-73.99487585714286
40.759459142857146,-73.99507477142858
40.75954277142857,-73.99527368571428
40.7596264,-73.9954726
40.761182025,-73.999121425
40.76127445,-73.99934295
40.761366875,-73.999564475
40.7614593,-73.999786
40.7615374,-73.9999733
40.7616155,-74.0001606
40.7616936,-74.0003479
40.7571441,-73.9898564
40.7618765,-73.9864111
40.762085299999995,-73.9862561
40.7622941,-73.9861011
40.762531499999994,-73.98592805
40.7627689,-73.985755
40.7611718,-73.9906333
40.76056546666667,-73.99107359999999
40.76077563333333,-73.9909205
40.7609858,-73.9907674
40.7612779,-73.9836865
40.760770375,-73.9824732
40.76086385,-73.98269669999999
40.760957325,-73.9829202
40.7610508,-73.9831437
40.753933950000004,-73.98477034999999
40.754177,-73.984596
40.7547596,-73.9841773
40.75543655,-73.9952826
40.7555259,-73.995498
40.75953479,-73.98540117
40.75961248,-73.98558554
40.75969017,-73.98576991
40.75976786,-73.98595428
40.759845549999994,-73.98613865
40.75992324,-73.98632302
40.76000093,-73.98650739
40.760078619999994,-73.98669176
40.76015631,-73.98687613
40.760234,-73.9870605
40.760321399999995,-73.9872679
40.7604088,-73.9874753
40.76053285,-73.98777026428571
40.7606107,-73.98795542857142
40.76068855,-73.98814059285715
40.7607664,-73.98832575714286
40.76084425,-73.98851092142857
40.7609221,-73.98869608571428
40.76099995,-73.98888124999999
40.761077799999995,-73.98906641428572
40.76115565,-73.98925157857143
40.761233499999996,-73.98943674285714
40.76131135,-73.98962190714285
40.761389199999996,-73.98980707142857
40.76146705,-73.98999223571428
40.7615449,-73.9901774
40.76174607142857,-73.99064898571429
40.76182734285714,-73.99084187142857
40.761908614285716,-73.99103475714286
40.761989885714286,-73.99122764285714
40.762071157142856,-73.99142052857142
40.762152428571426,-73.99161341428571
40.762233699999996,-73.99180630000001
40.76231497142857,-73.99199918571429
40.76239624285714,-73.99219207142858
40.76247751428571,-73.99238495714286
40.76255878571428,-73.99257784285714
40.76264005714286,-73.99277072857143
40.76272132857143,-73.99296361428571
40.7628026,-73.9931565
40.762890133333336,-73.99335599999999
40.762977666666664,-73.9935555
40.7630652,-73.993755
40.7593539,-73.9849729
40.75362535,-73.99893325000001
40.7537037,-73.9991206
40.75378205,-73.99930795
40.7538604,-73.9994953
40.75979785,-73.99534745
40.7599693,-73.9952223
40.760140750000005,-73.99509715
40.7603122,-73.994972
40.760516366666664,-73.99482330000001
40.760720533333334,-73.9946746
40.7609247,-73.9945259
40.761133666666666,-73.99437353333333
40.76134263333333,-73.99422116666666
40.7615516,-73.9940688
40.761762733333335,-73.99391483333333
40.761973866666665,-73.99376086666666
40.762185,-73.9936069
40.76237403333334,-73.99346903333334
40.762563066666665,-73.99333116666666
40.7627521,-73.9931933
40.7630112,-73.9930044
40.7632198,-73.9928523
40.7634284,-73.9927002
40.7636381,-73.9925473
40.75406566,-73.99998392
40.75415622,-74.00019984000001
40.75424678,-74.00041576
40.75433734,-74.00063168
40.7544279,-74.0008476
40.757618,-74.0006257
40.75583660769231,-73.98244152307691
40.75592013846154,-73.98263991538461
40.75600366923077,-73.9828383076923
40.7560872,-73.9830367
40.7563518,-73.98301493333334
40.756561500000004,-73.98286336666666
40.7567712,-73.9827118
40.7569579,-73.98257363333333
40.7571446,-73.98243546666667
40.753465399999996,-73.99059555
40.753546885714286,-73.99078877142857
40.75362837142857,-73.99098199285714
40.75370985714286,-73.99117521428572
40.75379134285714,-73.99136843571429
40.753872828571424,-73.99156165714285
40.753954314285714,-73.99175487857143
40.7540358,-73.9919481
40.7572367,-73.99300423333334
40.7574247,-73.99286726666666
40.7576127,-73.9927303
40.755604299999995,-73.99687163333333
40.7557695,-73.99675136666667
40.7559347,-73.9966311
40.7563918,-74.0043589
40.7565467,-74.0042316
40.756404200000006,-74.00455855
40.7562678,-74.0047703
40.7564385,-74.00464275
40.7566092,-74.0045152
40.75648125,-74.00474249999999
40.7563533,-74.0049698
40.756524,-74.0048423
40.7566947,-74.0047148
40.7564385,-74.00464275
40.7566092,-74.0045152
40.75890725,-73.98485185
40.7591474,-73.9846759
40.75877545,-74.00355325
40.7589649,-74.0034771
40.7588169,-74.003625925
40.7586689,-74.00377474999999
40.7585209,-74.003923575
40.7583729,-74.0040724
40.758528325,-74.003920525
40.75868375,-74.00376865
40.758839175,-74.003616775
40.7589946,-74.0034649
40.75893505,-74.00367315
40.7587651,-74.00384890000001
40.75859515,-74.00402465
40.7584252,-74.0042004
40.758599724999996,-74.0040321
40.75877425,-74.0038638
40.758948775,-74.00369549999999
40.7591233,-74.0035272
40.758955875,-74.0037122
40.75878845,-74.0038972
40.758621025000004,-74.0040822
40.7584536,-74.0042672
40.758685075,-74.00412639999999
40.75884925,-74.0039685
40.759013425,-74.00381060000001
40.7591776,-74.0036527
40.7589962,-74.00383493333334
40.7588148,-74.00401716666667
40.7586334,-74.0041994
40.7588244,-74.00404046666667
40.759015399999996,-74.00388153333334
40.7592064,-74.0037226
40.7590472,-74.0038871
40.7592105,-74.0037352
40.75501765,-73.99883299999999
40.7551987,-73.998701
40.7558197,-73.998248
40.7564295,-73.9978039
40.7567247,-73.99758873333333
40.756886900000005,-73.99747046666667
40.7570491,-73.9973522
40.75733696666667,-73.9971422
40.75750213333333,-73.99702169999999
40.7576673,-73.9969012
40.75542005,-73.99138325
40.755510099999995,-73.9915895
40.75560015,-73.99179575
40.7556902,-73.992002
40.75576987777777,-73.99219203333334
40.75584955555555,-73.99238206666666
40.75592923333333,-73.9925721
40.75600891111111,-73.99276213333333
40.756088588888886,-73.99295216666667
40.75616826666666,-73.9931422
40.756247944444446,-73.99333223333333
40.75632762222222,-73.99352226666666
40.7564073,-73.9937123
40.756096557142854,-73.99106788571429
40.756177414285716,-73.99125977142857
40.75625827142857,-73.99145165714286
40.756339128571426,-73.99164354285713
40.75641998571428,-73.99183542857142
40.75650084285714,-73.9920273142857
40.7565817,-73.9922192
40.754121,-73.9824074
40.7542044,-73.9826046
40.75429134,-73.98281042
40.75437828,-73.98301624
40.75446522,-73.98322206
40.754552159999996,-73.98342788
40.7546391,-73.9836337
40.7547792,-73.9839681
40.7562616,-73.9874841
40.756340300000005,-73.98767096
40.756419,-73.98785782
40.756497700000004,-73.98804468
40.7565764,-73.98823154
40.7566551,-73.9884184
40.7567704,-73.9886922
40.75685162,-73.988885
40.75693284,-73.9890778
40.75701406,-73.9892706
40.75709528,-73.9894634
40.7571765,-73.9896562
40.75813445,-73.99286295
40.7583461,-73.9927088
40.7561389,-73.9943054
40.7563061,-73.9941832
40.7564733,-73.994061
40.756758366666666,-73.99385860000001
40.75692623333334,-73.9937403
40.7570941,-73.993622
40.7539207,-73.9946554
40.7542239,-73.9944813
40.7541482,-73.9980975
40.753406125,-73.99427415
40.7534876625,-73.994467375
40.7535692,-73.9946606
40.7536507,-73.9948537
40.7537916,-73.9951877
40.753909300000004,-73.99546595
40.7540022,-73.9956854
40.7552202,-73.9966484
40.7542318,-73.99241280909091
40.7543146,-73.99260931818182
40.754397399999995,-73.99280582727272
40.754480199999996,-73.99300233636363
40.754563,-73.99319884545454
40.7546458,-73.99339535454546
40.7547286,-73.99359186363637
40.7548114,-73.99378837272728
40.754894199999995,-73.99398488181818
40.754977,-73.99418139090909
40.7550598,-73.9943779
40.75514815,-73.994588
40.7552365,-73.9947981
40.753596333333334,-73.98897673333333
40.753675666666666,-73.98916646666667
40.753755000000005,-73.9893562
40.75383433333334,-73.98954593333333
40.75391366666667,-73.98973566666666
40.753993,-73.9899254
40.75407233333333,-73.99011513333333
40.75415166666667,-73.99030486666666
40.754231000000004,-73.99049459999999
40.754310333333336,-73.99068433333333
40.75438966666667,-73.99087406666666
40.754469,-73.99106379999999
40.75454833333334,-73.99125353333332
40.75462766666667,-73.99144326666666
40.754707,-73.991633
40.75618166666667,-73.99055706666667
40.75634433333333,-73.99043843333332
40.756507,-73.9903198
40.75421,-73.98852446666668
40.754290000000005,-73.98871393333334
40.75437,-73.9889034
40.754450000000006,-73.98909286666667
40.75453,-73.98928233333334
40.75461,-73.9894718
40.754690000000004,-73.98966126666667
40.75477,-73.98985073333333
40.754850000000005,-73.9900402
40.75493,-73.99022966666666
40.75501,-73.99041913333333
40.75509,-73.9906086
40.75517,-73.99079806666666
40.755250000000004,-73.99098753333332
40.75533,-73.991177
40.754836371428574,-73.9880808
40.75491734285714,-73.9882735
40.754998314285714,-73.9884662
40.75507928571429,-73.9886589
40.75516025714286,-73.9888516
40.75524122857143,-73.9890443
40.7553222,-73.989237
40.755403171428576,-73.9894297
40.75548414285714,-73.9896224
40.755565114285716,-73.9898151
40.75564608571429,-73.9900078
40.75572705714286,-73.9902005
40.75580802857143,-73.9903932
40.755889,-73.9905859
40.75363575,-73.98522444
40.753713,-73.98540918
40.753790249999994,-73.98559392
40.7538675,-73.98577866000001
40.75394475,-73.9859634
40.754022,-73.98614814
40.754099249999996,-73.98633288
40.7541765,-73.98651762
40.754253750000004,-73.98670236000001
40.754331,-73.9868871
40.759925800000005,-73.98242965
40.7600415,-73.9827044
40.7601541,-73.9829718
40.7602667,-73.9832392
40.757377149999996,-73.99013629999999
40.7574592,-73.9903332
40.7575979,-73.990666
40.757686066666665,-73.99087180000001
40.757774233333336,-73.9910776
40.7578624,-73.9912834
40.75794448333333,-73.99147816666667
40.758026566666665,-73.99167293333333
40.75810865,-73.9918677
40.758190733333336,-73.99206246666667
40.75827281666667,-73.99225723333333
40.7583549,-73.992452
40.7637619,-73.9978446
40.7637577,-73.9980573
40.76371745,-73.99833205
40.7636772,-73.9986068
40.7634593,-73.9980546
40.76326646666667,-73.99749473333333
40.76347663333333,-73.99734336666667
40.7636868,-73.997192
40.7615155,-73.9823132
40.7616172,-73.98256015
40.7617189,-73.9828071
40.760025133333336,-73.98403536666666
40.76020926666666,-73.98389673333334
40.7603934,-73.9837581
40.7607932,-73.9834673
40.7610338,-73.9832943
40.7620198,-73.9835215
40.75820145,-73.98536279999999
40.7583669,-73.9852442
40.75684251111111,-73.98677252222222
40.75692772222222,-73.98697364444445
40.75701293333333,-73.98717476666667
40.75709814444444,-73.98737588888889
40.757183355555554,-73.98757701111111
40.75726856666667,-73.98777813333334
40.75735377777777,-73.98797925555556
40.757438988888886,-73.98818037777778
40.7575242,-73.9883815
40.75630363333334,-73.9867545
40.75647266666667,-73.98663189999999
40.7566417,-73.9865093
40.75503,-73.987692
40.75443164,-73.98712402
40.754512580000004,-73.98731504
40.75459352,-73.98750606
40.754674460000004,-73.98769708
40.7547554,-73.9878881
40.753517,-73.988787
40.763084,-73.9957408
40.7602043,-73.9975005
40.7604316,-73.9973326
40.75809305,-73.99916255
40.7579418,-73.9993286
40.758086299999995,-73.99918673333333
40.7582308,-73.99904486666667
40.7583753,-73.998903
40.758194849999995,-73.9990884
40.7580144,-73.9992738
40.7582034,-73.9990866
40.7583924,-73.9988994
40.75821205,-73.99908005
40.7580317,-73.9992607
40.7582222,-73.99908485
40.7584127,-73.998909
40.7581688,-73.9991572
40.7584568,-73.9989829
40.7594273,-73.99984505
40.7592804,-74.0000185
40.7594483,-73.99989475
40.7596162,-73.999771
40.7555423,-73.9982749
40.7547723,-73.9957853
40.7536379,-73.9959478
40.7634982,-73.987252
40.7594297,-73.9863552
40.7603957,-73.9893643
40.7605639,-73.989252
40.7590884,-73.9892714
40.75856295,-73.98600354999999
40.7588019,-73.9858314
40.7611412,-74.0000206
40.76260955,-74.00098159999999
40.7624931,-74.0011495
40.75594285,-74.00235814999999
40.756032,-74.002567
40.76132323333333,-73.98308813333334
40.76149436666667,-73.98296656666666
40.7616655,-73.982845
40.7542879,-73.9993652
40.7545025,-73.9992127
40.754419999999996,-73.99874539999999
40.754533,-73.9990119
40.75548695,-73.99811270000001
40.755412,-73.9983313
40.755664,-73.9981355
40.75671315,-73.99061998333333
40.756795000000004,-73.99081106666667
40.75687685,-73.99100215
40.7569587,-73.99119323333333
40.75704055,-73.99138431666667
40.7571224,-73.9915754
40.75720411666667,-73.99176788333334
40.757285833333334,-73.99196036666667
40.75736755,-73.99215285
40.75744926666667,-73.99234533333333
40.75753098333334,-73.99253781666667
40.7576127,-73.9927303
40.7625266,-73.9977778
40.76273343333334,-73.997986
40.762839766666666,-73.998219
40.7629461,-73.998452
40.763059842857146,-73.98599051428572
40.76314548571429,-73.98619382857143
40.763231128571434,-73.98639714285714
40.76331677142857,-73.98660045714286
40.763402414285714,-73.98680377142857
40.76348805714286,-73.98700708571428
40.7635737,-73.9872104
40.763709,-73.9875318
40.75362036666667,-74.00193195
40.753784833333334,-74.00177240000001
40.7539493,-74.00161285
40.75411376666666,-74.0014533
40.75427823333333,-74.00129375
40.7544427,-74.0011342
40.75436764285714,-74.00122307142857
40.75421548571428,-74.00137874285714
40.754063328571426,-74.00153441428571
40.75391117142857,-74.00169008571429
40.75375901428571,-74.00184575714286
40.753606857142856,-74.00200142857143
40.7534547,-74.0021571
40.7535788,-74.0025107
40.753673750000004,-74.00272989999999
40.7537687,-74.0029491
40.7538679,-74.0031828
40.7578911,-73.99044943333334
40.7580825,-73.99030806666667
40.7582739,-73.9901667
40.75343326666667,-74.00615140000001
40.75351203333333,-74.0063378
40.7535908,-74.0065242
40.757653700000006,-73.9857717
40.7578912,-73.9855891
40.757907933333335,-74.0004136
40.75807436666667,-74.0002918
40.7582408,-74.00017
40.7546799,-74.0014429
40.754766,-74.0016444
40.7548618,-74.0018683
40.7547482,-74.00087463333334
40.754913099999996,-74.00073586666666
40.755078,-74.0005971
40.755438733333335,-74.00028623333333
40.75562516666667,-74.00013026666667
40.7558116,-73.9999743
40.75442515,-74.00196835
40.7546137,-74.0017852
40.7544204,-74.0019795
40.7542271,-74.0021738
40.75438033333334,-74.00202176666666
40.754533566666666,-74.00186973333334
40.7546868,-74.0017177
40.75458523333333,-74.0018282
40.754404466666664,-74.002012
40.7542237,-74.0021958
40.754350099999996,-74.0025284
40.7544623,-74.0027744
40.76252825,-73.9827882
40.7626431,-73.9830625
40.7627381,-73.9832608
40.7534542,-74.0067924
40.7534632,-74.0068798
40.753720125,-73.9931029125
40.75380015,-73.993293825
40.753880175,-73.9934847375
40.753960199999995,-73.99367565
40.754040225,-73.9938665625
40.75412025,-73.994057475
40.754200274999995,-73.9942483875
40.7542803,-73.9944393
40.7543669,-73.9946458
40.75445166666667,-73.99484196666667
40.754536433333335,-73.99503813333334
40.7546212,-73.9952343
40.7548375,-73.9957363
40.75492066666667,-73.995934
40.75500383333333,-73.99613169999999
40.755087,-73.9963294
40.7565982,-73.9962593
40.7543106,-73.9946867
40.754229275,-73.994795975
40.75409165,-73.99494615
40.753954025,-73.99509632499999
40.7538164,-73.9952465
40.7540977,-73.9950162
40.7539661,-73.99871445
40.7541849,-73.9985634
40.758482,-73.99703245
40.7584783,-73.9973263
40.761033499999996,-73.99478429999999
40.7611423,-73.9950427
40.7613068,-73.9954288
40.7611657,-73.9970422
40.76125053333333,-73.99725293333333
40.76133536666667,-73.99746366666666
40.7614202,-73.9976744
40.76166370909091,-73.99817711818181
40.76174691818182,-73.99837593636364
40.76183012727273,-73.99857475454546
40.76191333636364,-73.99877357272727
40.76199654545455,-73.99897239090909
40.762079754545454,-73.99917120909092
40.762162963636364,-73.99937002727273
40.762246172727274,-73.99956884545455
40.76232938181818,-73.99976766363636
40.76241259090909,-73.99996648181819
40.7624958,-74.0001653
40.7625514,-74.0012603
40.753696,-74.0050203
40.75379004,-74.00517932
40.75382108,-74.00538404
40.75385212,-74.00558876
40.75388316,-74.00579348
40.7539142,-74.0059982
40.7541336,-74.0058686
40.75354322,-73.99990804
40.75373,-73.9997719
40.76126685,-73.99800454999999
40.7614297,-73.9978539
40.7612491,-73.9980383
40.755145299999995,-73.98689027500001
40.755221199999994,-73.98707585
40.7552971,-73.987261425
40.755373,-73.987447
40.754571,-73.98681183333333
40.754811000000004,-73.98673656666666
40.755051,-73.9866613
40.7559818,-74.0003776
40.756041833333335,-73.99975613333334
40.756214566666664,-73.99958906666666
40.7563873,-73.999422
40.76349577777778,-73.98317258888889
40.76357875555556,-73.98336867777778
40.76366173333333,-73.98356476666667
40.76374471111111,-73.98376085555556
40.761039333333336,-73.9843644
40.76121366666666,-73.9842523
40.761388,-73.9841402
40.761683833333336,-73.98394396666667
40.76185326666667,-73.98383133333333
40.7620227,-73.9837187
40.7623215,-73.98352630000001
40.7624933,-73.9834147
40.7626651,-73.9833031
40.762974799999995,-73.98312623333334
40.7631509,-73.98302986666667
40.763327,-73.9829335
40.7613654,-73.99049155
40.761559,-73.9903498
40.761857133333336,-73.99013263333333
40.76204486666666,-73.98999586666667
40.7622326,-73.9898591
40.7552962,-73.9941932
40.7608472,-73.9990764
40.75992798,-73.9882611
40.76000876,-73.9884516
40.76008954,-73.98864209999999
40.76017032,-73.9888326
40.7602511,-73.9890231
40.7603957,-73.9893643
40.7604749,-73.98955102857143
40.7605541,-73.98973775714286
40.7606333,-73.98992448571428
40.7607125,-73.99011121428572
40.7607917,-73.99029794285714
40.7608709,-73.99048467142858
40.7609501,-73.9906714
40.7588785,-73.9857762
40.758982599999996,-73.98602145000001
40.7590867,-73.9862667
40.7591928,-73.9865189
40.759295566666665,-73.98676323333333
40.75939833333334,-73.98700756666666
40.7595011,-73.9872519
40.7596519,-73.9876089
40.7597315,-73.9877973
40.75796615,-73.99489155
40.7579149,-73.9951173
40.7578441,-73.9954097
40.7575414,-73.9934306
40.7577629,-73.99392915
40.7578496,-73.9941497
40.757897,-73.9948142
40.757284575,-73.9938895
40.75736125,-73.9940766
40.757437925,-73.9942637
40.7575146,-73.9944508
40.755499462500005,-74.0028629375
40.755576925,-74.003049575
40.7556543875,-74.0032362125
40.755731850000004,-74.00342284999999
40.7558093125,-74.0036094875
40.755886775,-74.003796125
40.755964237499995,-74.0039827625
40.7560417,-74.0041694
40.7539362,-74.0044176
40.7541272,-74.004671375
40.7542076,-74.00485915
40.754287999999995,-74.005046925
40.7543684,-74.0052347
40.754584324999996,-74.00555672499999
40.75467245,-74.00576785
40.754760575,-74.005978975
40.7548487,-74.0061901
40.7570819,-74.0045558
40.75774497142857,-73.9949982
40.75782454285714,-73.9951849
40.757904114285715,-73.9953716
40.75798368571429,-73.9955583
40.75806325714286,-73.995745
40.75814282857143,-73.9959317
40.7582224,-73.9961184
40.7589479,-73.9977989
40.7601965,-74.0027609
40.7606555,-74.0024315
40.759198266666665,-73.99578453333334
40.75941233333334,-73.99562856666667
40.7596264,-73.9954726
40.75748346666666,-73.99625176666667
40.757583133333334,-73.99648193333333
40.7576828,-73.9967121
40.758598733333336,-73.99622136666667
40.758791466666665,-73.99608093333333
40.7589842,-73.9959405
40.757872774999996,-73.997212275
40.75796415,-73.99742615
40.758055525,-73.997640025
40.7581469,-73.9978539
40.7556805,-73.9962926
40.76167423333333,-73.9976739
40.76185456666667,-73.9975391
40.7620349,-73.9974043
40.76285442,-73.98352466
40.76293244,-73.98371012
40.763010460000004,-73.98389558000001
40.76308848,-73.98408104
40.7631665,-73.9842665
40.76324452,-73.98445196
40.763322540000004,-73.98463742
40.76340056,-73.98482288000001
40.76347858,-73.98500834000001
40.7635566,-73.9851938
40.76369403333334,-73.98551789999999
40.763775466666665,-73.9857109
40.759311499999995,-73.9919872
40.7595199,-73.9918354
40.7597283,-73.9916836
40.76043505333333,-73.99141617333333
40.76051480666667,-73.99160564666667
40.76059456,-73.99179511999999
40.76067431333333,-73.99198459333333
40.760754066666664,-73.99217406666666
40.76083382,-73.99236354
40.76091357333333,-73.99255301333334
40.760993326666664,-73.99274248666666
40.761073079999996,-73.99293195999999
40.761152833333334,-73.99312143333333
40.761232586666665,-73.99331090666666
40.761312339999996,-73.99350038
40.76139209333333,-73.99368985333332
40.761471846666666,-73.99387932666666
40.7615516,-73.9940688
40.76163473333333,-73.9942612
40.761717866666665,-73.9944536
40.761801,-73.994646
40.760118250000005,-73.99139755
40.7603553,-73.9912267
40.7612053,-73.9979616
40.7614297,-73.9978539
40.759762566666666,-73.998997
40.75994523333333,-73.9988601
40.7601279,-73.9987232
40.760316233333334,-73.9985908
40.76050456666667,-73.9984584
40.7606929,-73.998326
40.7605151,-73.99754375
40.7605986,-73.9977549
40.76068575,-73.99796295
40.7607729,-73.998171
40.7591402,-73.9994546
40.7589139,-73.9996835
40.759083133333334,-73.9995246
40.75925236666667,-73.9993657
40.7594216,-73.9992068
40.7603242,-73.99919255
40.7604093,-73.9993926
40.7605021,-73.999614075
40.7605949,-73.99983555
40.760687700000005,-74.00005702499999
40.7607805,-74.0002785
40.76086455,-74.00048198333333
40.7609486,-74.00068546666667
40.761032650000004,-74.00088894999999
40.7611167,-74.00109243333333
40.76120075,-74.00129591666666
40.7612848,-74.0014994
40.7591779,-73.9970385
40.7590106,-73.9972279
40.7588433,-73.9974173
40.7599061,-74.0032263
40.7601816,-74.0030377
40.75604396666667,-74.00177576666667
40.75620933333334,-74.00165323333333
40.7563747,-74.0015307
40.760996750000004,-73.99867635
40.7610896,-73.9988999
40.76232293333334,-73.99719239999999
40.762531366666664,-73.9970412
40.7627398,-73.99689
40.76294876666667,-73.99673893333333
40.76315773333333,-73.99658786666666
40.7633667,-73.9964368
40.76357526666666,-73.99628503333334
40.763783833333335,-73.99613326666666
40.7536694,-74.00671805
40.753748,-74.0069119
40.7538388,-74.0072533
40.762610599999995,-73.99461665714286
40.7626895,-73.9948040142857
40.7627684,-73.99499137142857
40.7628473,-73.99517872857142
40.762926199999995,-73.99536608571428
40.7630051,-73.99555344285713
40.763084,-73.9957408
40.763178233333335,-73.99597279999999
40.76327246666666,-73.9962048
40.7633667,-73.9964368
40.7635062,-73.99676866666667
40.7635965,-73.99698033333333
40.7636868,-73.997192
40.76379205,-73.99743910000001
40.756619,-73.9906112
40.756725975,-73.990861575
40.75681155,-73.99106155
40.756897125,-73.991261525
40.7569827,-73.9914615
40.7582779,-73.9942886
40.7582031,-73.9942814
40.7581732,-73.9945329
40.7591031,-73.992139
40.754489,-73.9843718
40.7575896,-74.00117165
40.757775,-74.0009871
40.75815501666667,-74.00029536666668
40.75801393333334,-74.00046223333334
40.75787285,-74.0006291
40.757731766666666,-74.00079596666667
40.75759068333333,-74.00096283333335
40.7574496,-74.0011297
40.7572416,-74.0013604
40.757447549999995,-74.00117155000001
40.7575976,-74.0010263
40.75779152,-74.00086418
40.757936539999996,-74.00072055999999
40.75808156,-74.00057694
40.75822658,-74.00043332
40.7583716,-74.0002897
40.7582391,-74.0005098
40.7580844,-74.0006689
40.757929700000005,-74.000828
40.757775,-74.0009871
40.75795215,-74.000822075
40.7581026,-74.00067745000001
40.75825305,-74.00053282500001
40.7584035,-74.0003882
40.7582498,-74.00054726666667
40.758096099999996,-74.00070633333333
40.7579424,-74.0008654
40.75809773333333,-74.00071916666667
40.75825306666667,-74.00057293333333
40.7584084,-74.0004267
40.756731900000005,-74.001728875
40.7569018,-74.00160604999999
40.7570717,-74.001483225
40.7572416,-74.0013604
40.7567743,-74.00183035
40.7569433,-74.0017054
40.7571123,-74.00158045
40.7572813,-74.0014555
40.75631336666667,-74.00223703333333
40.75645933333333,-74.00209616666668
40.7566053,-74.0019553
40.7592517,-73.9989801
40.7590641,-73.9991953
40.7566781,-73.9991401
40.75674705,-73.99910715
40.7569199,-73.9989614
40.756215833333336,-74.0002765
40.75637686666666,-74.0001255
40.7565379,-73.9999745
40.756373499999995,-74.00013953333332
40.7562091,-74.00030456666667
40.7560447,-74.0004696
40.75622823333333,-74.0002869
40.756411766666666,-74.0001042
40.7565953,-73.9999215
40.756457225,-74.0000718
40.756319149999996,-74.0002221
40.756181075,-74.0003724
40.756043,-74.0005227
40.75408056,-74.0040459
40.75416062,-74.0042393
40.754240679999995,-74.0044327
40.75432074,-74.0046261
40.7544008,-74.0048195
40.75465268,-74.00528675999999
40.75473686,-74.00548712
40.754821039999996,-74.00568747999999
40.75490522,-74.00588784
40.7549894,-74.0060882
40.7545163,-74.0060324
40.761959366666666,-73.9826314
40.76212453333333,-73.98251069999999
40.7622897,-73.98239
40.7582279,-74.0046117
40.7637447,-73.9887575
40.762602900000005,-73.98958925
40.7627995,-73.989446
40.763095166666666,-73.9892307
40.763264533333334,-73.9891073
40.7634339,-73.9889839
40.7624063,-73.9897325
40.75752165,-73.9933037
40.757726,-73.9931508
40.7579117,-73.9892961
40.76061803333334,-73.98732276666667
40.760827266666666,-73.98717023333333
40.7610365,-73.9870177
40.7633439,-73.98534455000001
40.7635153,-73.9852231
40.76378215,-73.9850229
40.7631725,-73.985466
40.7576975,-73.9933631
40.757776225,-73.993551525
40.757854949999995,-73.99373994999999
40.757933675,-73.993928375
40.7580124,-73.9941168
40.75679985,-73.992357675
40.756892699999995,-73.99258145
40.756985549999996,-73.99280522500001
40.7570784,-73.993029
40.75666296,-73.99241239999999
40.75674422,-73.99260559999999
40.756825479999996,-73.9927988
40.75690674,-73.992992
40.756988,-73.9931852
40.7570991,-73.9934495
40.760134066666666,-73.9945546
40.760223133333334,-73.9947633
40.7603122,-73.994972
40.7536401,-73.992912
40.7582806,-73.9964533
40.7577556,-73.9929444
40.7593689,-73.999707
40.7595368,-73.9995832
40.7594273,-73.99984505
40.7592804,-74.0000185
40.7565163,-73.9859959
40.7566673,-73.9863565
40.75760765,-73.9885785
40.7576911,-73.9887755
40.75777455,-73.9889725
40.757858,-73.9891695
40.76122835,-73.98687835
40.7614202,-73.986739
40.754038550000004,-73.98811195
40.75413,-73.988335
40.75433846666667,-73.98818603333333
40.75454693333334,-73.98803706666668
40.7547554,-73.9878881
40.75343004285715,-73.98857975714286
40.753517,-73.988787
40.75372133333334,-73.98863633333333
40.75392566666667,-73.98848566666668
40.75413,-73.988335
40.7561157,-73.9949584
40.7556635,-73.99465645000001
40.7558555,-73.9945134
40.7549099,-73.9921117
40.7575793,-73.9827028
40.7603212,-73.9911398
40.75494105,-74.0020534
40.7550203,-74.0022385
40.7603951,-73.983544
40.761799999999994,-73.98299965000001
40.7618811,-73.9831922
40.75668815,-73.98251245
40.7567712,-73.9827118
40.7537247,-73.98734669999999
40.7538045,-73.9875412
40.7539471,-73.9878889
40.7623246,-74.0013772
40.75355045,-73.99666049999999
40.7536418,-73.9968801
40.7554768,-74.00125455
40.7555666,-74.001467
40.7543237,-73.9973333
40.7545644,-73.9971989
40.75420114,-73.99614774
40.75428308,-73.99634098
40.754365019999995,-73.99653422
40.754446959999996,-73.99672746
40.7545289,-73.9969207
